Order ID,first_name,last_name,email,gender,Product,Product Category,description,Amount
1,Morganne,Gerler,mgerler0@wufoo.com,Female,Nike Air Max,Mobiles,-1.00,$1414.86
2,Amandie,Handrek,ahandrek1@economist.com,,Amazon Echo,Fashion,!@#$%^&*(),$232.36
3,Nollie,Jakab,njakab2@diigo.com,Male,Nike Air Max,Laptop,(ï¾‰à²¥ç›Šà²¥ï¼‰ï¾‰ï»¿ â”»â”â”»,$277.91
4,Austin,Relph,arelph3@etsy.com,Female,Amazon Echo,mobile accesories,ãƒ½à¼¼àºˆÙ„Íœàºˆà¼½ï¾‰ ãƒ½à¼¼àºˆÙ„Íœàºˆà¼½ï¾‰ ,$1155.54
5,Kessia,Carrett,kcarrett4@uol.com.br,Female,Nike Air Max,mobile accesories,,$32.36
6,Brod,Fallen,bfallen5@yahoo.co.jp,Male,Sony PlayStation,Fashion,",./;'[]\-=",$888.05
7,Lorry,Pullinger,lpullinger6@wikia.com,Female,GoPro Hero,,ç¤¾æœƒç§‘å­¸é™¢èªå­¸ç ”ç©¶æ‰€,$1182.71
8,Louisette,Beche,lbeche7@devhub.com,Female,MacBook Pro,Laptop,,$359.21
9,Hiram,Fridd,hfridd8@arstechnica.com,Male,Fitbit Charge,Fashion,â€ªâ€ªtestâ€ª,$1461.50
10,Slade,Kealey,skealey9@flavors.me,Male,MacBook Pro,Fashion,"""",$1361.21
11,Hilarius,Deeprose,hdeeprosea@furl.net,Male,Nike Air Max,Gaming,"<>?:""{}|_+",$997.24
12,Gilbertine,Spyvye,gspyvyeb@list-manage.com,Female,iPhone,Laptop,"""""",$772.93
13,Analiese,Camoys,acamoysc@tripadvisor.com,Female,Nike Air Max,Health,"×‘Ö¼Ö°×¨Öµ××©×Ö´×™×ª, ×‘Ö¼Ö¸×¨Ö¸× ×Ö±×œÖ¹×”Ö´×™×, ×Öµ×ª ×”Ö·×©Ö¼×Ö¸×Ö·×™Ö´×, ×•Ö°×Öµ×ª ×”Ö¸×Ö¸×¨Ö¶×¥",$689.87
14,Cecelia,Fellenor,cfellenord@cbsnews.com,Genderqueer,Canon EOS,Mobiles,<img src=x onerror=alert('hi') />,$1480.74
15,Slade,Tatershall,statershalle@wufoo.com,Male,MacBook Pro,Gaming,éƒ¨è½æ ¼,$337.74
16,Angie,Petrillo,apetrillof@weebly.com,Male,iPhone,Mobiles,<img src=x onerror=alert('hi') />,$429.29
17,Stavro,La Vigne,slavigneg@youku.com,Male,Sony PlayStation,Gaming,00Ë™Æ–$-,$478.92
18,Antoine,Crosdill,acrosdillh@mlb.com,Male,Sony PlayStation,Laptop,Â¸Ë›Ã‡â—ŠÄ±ËœÃ‚Â¯Ë˜Â¿,$363.68
19,Isis,Jenkins,ijenkinsi@cnbc.com,Female,Fitbit Charge,Health,NIL,$670.87
20,Ruggiero,Cavan,rcavanj@omniture.com,Male,Samsung Galaxy,Gaming,ğŸµ ğŸ™ˆ ğŸ™‰ ğŸ™Š,$350.09
21,Edsel,Crichton,ecrichtonk@ucoz.ru,Bigender,Fitbit Charge,Fashion,testâ testâ€«,$238.62
22,Lynette,Wilcox,lwilcoxl@china.com.cn,Female,MacBook Pro,Mobiles,ãƒ»(ï¿£âˆ€ï¿£)ãƒ»:*:,$546.21
23,Prudy,Hughes,phughesm@who.int,Female,Amazon Echo,Health,Ã¥ÃŸâˆ‚Æ’Â©Ë™âˆ†ËšÂ¬â€¦Ã¦,
24,Desiri,Marcome,dmarcomen@etsy.com,Female,Amazon Echo,mobile accesories,999999999999999999999999999999999999999999999999999999999999999999999999999999999999999999999999,$990.86
25,Arty,Bartleman,abartlemano@bravesites.com,Male,Sony PlayStation,mobile accesories,"__ï¾›(,_,*)",$81.66
26,Norby,Hazleton,nhazletonp@intel.com,Male,MacBook Pro,Health,ZÌ®ÌÍ…Ì Í™Í”AÌ¥Ì—ÌÍˆÌ»Ì—LÌ£Í™ÍÌ¯Ì¹ÌÍ“GÌ»OÌ­Ì—Ì®,$1390.09
27,Agosto,Boribal,aboribalq@sphinn.com,Male,MacBook Pro,Health,Å’â€Â´â€°Ë‡ÃÂ¨Ë†Ã˜âˆâ€â€™,$908.34
28,Graham,Weedall,gweedallr@mashable.com,Male,MacBook Pro,Fashion,1/2,$525.08
29,Nan,Cattemull,ncattemulls@angelfire.com,Female,Nike Air Max,Health,<img src=x onerror=alert('hi') />,$252.84
30,Kimberlyn,Semour,ksemourt@blog.com,Polygender,Amazon Echo,Health,â¡,$1075.52
31,Erinn,Eleshenar,eeleshenaru@stanford.edu,Female,Fitbit Charge,Health,!@#$%^&*(),
32,Leda,Kelshaw,lkelshawv@list-manage.com,Non-binary,Nike Air Max,Health,"'""'",$311.22
33,Marcelia,Lickorish,mlickorishw@timesonline.co.uk,Female,MacBook Pro,Health,ï¼‘ï¼’ï¼“,$1426.61
34,Miguel,Readshall,mreadshallx@goo.ne.jp,Genderqueer,Fitbit Charge,Fashion,1E+02,$919.72
35,Adele,MacNamara,amacnamaray@xing.com,Female,Nintendo Switch,mobile accesories,1/0,$995.97
36,Shaine,Ayto,saytoz@businessweek.com,Male,Amazon Echo,Health,NULL,$223.65
37,Vanda,Nannoni,vnannoni10@vistaprint.com,Female,Amazon Echo,Mobiles,â¢,$823.32
38,Rolfe,Gobbet,rgobbet11@google.cn,Male,iPhone,Mobiles,,$51.38
39,Gilles,Conniam,gconniam12@mit.edu,Male,Amazon Echo,Health,<script>alert('hi')</script>,$939.70
40,Filmore,Freshwater,ffreshwater13@bizjournals.com,Male,Fitbit Charge,mobile accesories,1;DROP TABLE users,$547.27
41,Raquela,Shevill,rshevill14@naver.com,Female,iPhone,Laptop,"<>?:""{}|_+",$1397.88
42,Karalee,Pennacci,kpennacci15@comsenz.com,Female,Nike Air Max,Fashion,ãƒ‘ãƒ¼ãƒ†ã‚£ãƒ¼ã¸è¡Œã‹ãªã„ã‹,$1480.33
43,Sharron,Orth,sorth16@purevolume.com,Female,Fitbit Charge,mobile accesories,00Ë™Æ–$-,$304.07
44,Burke,St. Quentin,bstquentin17@over-blog.com,Male,Nike Air Max,Laptop,-$1.00,$655.92
45,Kelvin,Haddick,khaddick18@sciencedaily.com,Male,Sony PlayStation,Laptop,â‚€â‚â‚‚,$538.26
46,Darren,Farries,dfarries19@wufoo.com,Male,Nintendo Switch,Fashion,â¢,$458.75
47,Paulita,Delafoy,pdelafoy1a@weather.com,Female,Samsung Galaxy,Health,(â•¯Â°â–¡Â°ï¼‰â•¯ï¸µ â”»â”â”»)  ,$1034.88
48,Trudy,Luckey,tluckey1b@xinhuanet.com,Female,Fitbit Charge,Laptop,1'; DROP TABLE users--,$621.93
49,,Ganny,bganny1c@weibo.com,Male,Sony PlayStation,Gaming,ğŸ‘¾ ğŸ™‡ ğŸ’ ğŸ™… ğŸ™† ğŸ™‹ ğŸ™ ğŸ™ ,$1042.19
50,Gardie,Maydway,gmaydway1d@webeden.co.uk,,Sony PlayStation,Mobiles,Â¡â„¢Â£Â¢âˆÂ§Â¶â€¢ÂªÂºâ€“â‰ ,$787.63
51,Nicholle,Jacklings,njacklings1e@icq.com,Female,Nike Air Max,Fashion,NULL,$998.79
52,Richy,Gillions,rgillions1f@hubpages.com,Male,,Gaming,TÌ•Ì­ÌºÌºoÍ Ì·iÌ²Ì¬Í‡ÌªÍ™nÌÌ—Í•vÍŸÌŸÌœÌ˜Ì¦oÌ¶Ì™Ì°Ì keÍ€ÍšÌ®ÌºÌªÌ¹Ì±Ì¤ Ì–tÍÌÍ•Ì³Ì£Ì»ÌªhÌ¼Í“Ì²Ì¦Ì³Ì˜Ì²eÍ‡Ì£Ì°Ì¦Ì¬Í Ì¢Ì¼Ì»Ì±Ì˜hÍ…ÍšÍÍ™ÌœÌ£Ì²iÌ¦Ì²Ì£Ì°Ì¤vÌ»ÍeÌºÌ­Ì³ÌªÌ°-mÌ¢iÍ…nÌ–ÌºÌÌ²Ì¯Ì°dÌµÌ¼ÌŸÍ™Ì©Ì¼Ì˜Ì³ ÌÌ¥Ì±Ì³Ì­rÌ›Ì—Ì˜eÍ™pÍ rÌ¼ÌÌ»Ì­Ì—eÍŸÌºÌ Ì£sÌ˜Í‡Ì³ÍÌÍ‰eÍœÍ‰Ì¥Ì¯ÌÌ²ÍšÌ¬nÍ€Ì¬ÍÍÌŸÌ–Í‡Ì¤tÍ˜ÍÌ¬Í…Ì¤Í“Ì¼Ì­iÌªÌ±nÍ gÌ´Í‰ ÍÍ‰Í…cÌ¬ÌŸhÍ¡aÍ˜Ì«Ì»Ì¯oÌ«ÌŸÌ–ÍÌ™ÌÍ‰sÌ—Ì¦Ì².Ì¨Ì¹ÍˆÌ£,$547.42
,Garrick,Roy,groy1g@delicious.com,Male,Nike Air Max,Health,ãƒ‘ãƒ¼ãƒ†ã‚£ãƒ¼ã¸è¡Œã‹ãªã„ã‹,$819.70
54,Lorianna,Yielding,lyielding1h@google.co.jp,Female,Nike Air Max,Fashion,â¤ï¸ ğŸ’” ğŸ’Œ ğŸ’• ğŸ’ ğŸ’“ ğŸ’— ğŸ’– ğŸ’˜ ğŸ’ ğŸ’Ÿ ğŸ’œ ğŸ’› ğŸ’š ğŸ’™,$692.59
55,Nisse,Loughead,nloughead1i@imdb.com,Female,Fitbit Charge,mobile accesories,",ã€‚ãƒ»:*:ãƒ»ã‚œâ€™( â˜» Ï‰ â˜» )ã€‚ãƒ»:*:ãƒ»ã‚œâ€™",$829.73
56,Lyndel,Silver,lsilver1j@netvibes.com,Female,Fitbit Charge,Mobiles,'',$1192.54
57,Falito,Varley,fvarley1k@instagram.com,Male,Fitbit Charge,Laptop,×”Ö¸×™Ö°×ªÖ¸×”testØ§Ù„ØµÙØ­Ø§Øª Ø§Ù„ØªÙ‘Ø­ÙˆÙ„,$640.93
,Lief,Shade,lshade1l@bbb.org,Male,,Mobiles,ç”°ä¸­ã•ã‚“ã«ã‚ã’ã¦ä¸‹ã•ã„,$1488.39
59,Maurine,Cristoforo,mcristoforo1m@pcworld.com,Female,MacBook Pro,Gaming,1,$1074.16
60,Dulciana,Fullbrook,dfullbrook1n@wiley.com,Female,GoPro Hero,Health,ãƒ½à¼¼àºˆÙ„Íœàºˆà¼½ï¾‰ ãƒ½à¼¼àºˆÙ„Íœàºˆà¼½ï¾‰ ,$601.60
,Ferne,Rosenqvist,frosenqvist1o@miibeian.gov.cn,,Nike Air Max,mobile accesories,Ì¡Í“Í…ÌIÍÌ—Ì˜Ì¦nÍ‡Í‡Í™vÌ®Ì«okÌ²Ì«Ì™ÍˆiÌ–Í™Ì­Ì¹Ì ÌnÌ¡Ì»Ì®Ì£ÌºgÌ²ÍˆÍ™Ì­Í™Ì¬Í Ì°tÍ”Ì¦hÌÌ²eÌ¢Ì¤ ÍÌ¬Ì²Í–fÌ´Ì˜Í•Ì£eÍ€Í–eÌ£Ì¥Ì©lÍ–Í”ÍšiÍ Í“ÍšÌ¦nÍ–ÍÌ—Í“Ì³Ì®gÍ Ì¨oÍ¡ÍšÌªfÌ˜Ì£Ì¬ Ì–Ì˜Í–ÌŸÍ™Ì®cÒ‰Í”Ì«Í–Í“Í‡Í–Í…hÌµÌ¤Ì£ÍšÍ”aÍÌ—Ì¼Í…Í•oÌ¼Ì£Ì¥sÍ¢Ì±ÍˆÌºÌ–Ì¦Ì».Ì›Ì–ÌÌ Ì«Ì°,$1381.47
62,Bondy,Castanone,bcastanone1p@infoseek.co.jp,Male,Nike Air Max,Gaming,á ,$569.69
,Maribel,Denning,mdenning1q@hp.com,Female,Nintendo Switch,mobile accesories,Å’â€Â´â€°Ë‡ÃÂ¨Ë†Ã˜âˆâ€â€™,$788.63
,Doll,Ciementini,dciementini1r@walmart.com,Female,Samsung Galaxy,Mobiles,ç”°ä¸­ã•ã‚“ã«ã‚ã’ã¦ä¸‹ã•ã„,$803.16
65,Burr,Lindblad,blindblad1s@amazonaws.com,Male,Amazon Echo,Health,Ë™Énbá´‰lÉ ÉuÆƒÉÉ¯ ÇÉ¹olop Ê‡Ç ÇÉ¹oqÉl Ê‡n Ê‡unpá´‰pá´‰É”uá´‰ É¹odÉ¯ÇÊ‡ poÉ¯sná´‰Ç op pÇs 'Ê‡á´‰lÇ Æƒuá´‰É”sá´‰dá´‰pÉ É¹nÊ‡ÇÊ‡É”ÇsuoÉ” 'Ê‡ÇÉ¯É Ê‡á´‰s É¹olop É¯nsdá´‰ É¯ÇÉ¹oË¥,$202.05
66,Raimundo,Budget,rbudget1t@ibm.com,Male,Nike Air Max,Gaming,-1E+02,$494.66
67,Rowe,Yarr,ryarr1u@earthlink.net,Female,Sony PlayStation,Gaming,ZÌ®ÌÍ…Ì Í™Í”AÌ¥Ì—ÌÍˆÌ»Ì—LÌ£Í™ÍÌ¯Ì¹ÌÍ“GÌ»OÌ­Ì—Ì®,$1163.54
68,Stacy,Beldam,sbeldam1v@columbia.edu,Polygender,Nike Air Max,,1E02,$879.86
69,Ryann,Goldsmith,rgoldsmith1w@bandcamp.com,Female,Nike Air Max,Health,áš€,$1469.71
70,Menard,Preshaw,mpreshaw1x@drupal.org,Bigender,Fitbit Charge,mobile accesories,<script>alert('hi')</script>,$1406.84
71,Any,Jago,ajago1y@hatena.ne.jp,Male,iPhone,Laptop,á ,$955.87
72,Susie,Grimsdell,sgrimsdell1z@yellowpages.com,Female,Sony PlayStation,Health,0ï¸âƒ£ 1ï¸âƒ£ 2ï¸âƒ£ 3ï¸âƒ£ 4ï¸âƒ£ 5ï¸âƒ£ 6ï¸âƒ£ 7ï¸âƒ£ 8ï¸âƒ£ 9ï¸âƒ£ ğŸ”Ÿ,$1482.36
73,Malva,Bummfrey,mbummfrey20@amazonaws.com,Non-binary,Samsung Galaxy,mobile accesories,`â„â‚¬â€¹â€ºï¬ï¬‚â€¡Â°Â·â€šâ€”Â±,$1218.07
74,Harlene,Shoppee,hshoppee21@scribd.com,Female,MacBook Pro,Laptop,'',$946.55
75,Mitchael,Venour,mvenour22@cdbaby.com,Male,Nike Air Max,Fashion,"Ø«Ù… Ù†ÙØ³ Ø³Ù‚Ø·Øª ÙˆØ¨Ø§Ù„ØªØ­Ø¯ÙŠØ¯ØŒ, Ø¬Ø²ÙŠØ±ØªÙŠ Ø¨Ø§Ø³ØªØ®Ø¯Ø§Ù… Ø£Ù† Ø¯Ù†Ùˆ. Ø¥Ø° Ù‡Ù†Ø§ØŸ Ø§Ù„Ø³ØªØ§Ø± ÙˆØªÙ†ØµÙŠØ¨ ÙƒØ§Ù†. Ø£Ù‡Ù‘Ù„ Ø§ÙŠØ·Ø§Ù„ÙŠØ§ØŒ Ø¨Ø±ÙŠØ·Ø§Ù†ÙŠØ§-ÙØ±Ù†Ø³Ø§ Ù‚Ø¯ Ø£Ø®Ø°. Ø³Ù„ÙŠÙ…Ø§Ù†ØŒ Ø¥ØªÙØ§Ù‚ÙŠØ© Ø¨ÙŠÙ† Ù…Ø§, ÙŠØ°ÙƒØ± Ø§Ù„Ø­Ø¯ÙˆØ¯ Ø£ÙŠ Ø¨Ø¹Ø¯, Ù…Ø¹Ø§Ù…Ù„Ø© Ø¨ÙˆÙ„Ù†Ø¯Ø§ØŒ Ø§Ù„Ø¥Ø·Ù„Ø§Ù‚ Ø¹Ù„ Ø¥ÙŠÙˆ.",$898.14
,Nathan,Balderson,nbalderson23@nih.gov,Male,Fitbit Charge,mobile accesories,$1.00,$1474.00
77,Jacques,Fincham,jfincham24@craigslist.org,Male,Fitbit Charge,Health,ï»¿,$352.27
78,Giselbert,Marquot,gmarquot25@soundcloud.com,Male,Nike Air Max,mobile accesories,1,$986.79
79,Beverlee,St Pierre,bstpierre26@berkeley.edu,Female,GoPro Hero,Laptop,Ã¥ÃŸâˆ‚Æ’Â©Ë™âˆ†ËšÂ¬â€¦Ã¦,$559.54
80,Tobin,Leefe,tleefe27@google.com.br,Male,Amazon Echo,Gaming,ç”°ä¸­ã•ã‚“ã«ã‚ã’ã¦ä¸‹ã•ã„,$1274.43
81,Garald,Coling,gcoling28@wiley.com,Male,Nike Air Max,Fashion,Â¡â„¢Â£Â¢âˆÂ§Â¶â€¢ÂªÂºâ€“â‰ ,$1061.63
82,Joanne,McCullum,jmccullum29@cisco.com,Female,Fitbit Charge,Gaming,"""",$757.65
83,Reinhard,Petrello,rpetrello2a@google.nl,Male,iPhone,Gaming,NULL,$205.32
84,Lutero,Taberner,ltaberner2b@tinyurl.com,Male,Fitbit Charge,Laptop,`â„â‚¬â€¹â€ºï¬ï¬‚â€¡Â°Â·â€šâ€”Â±,$343.31
85,Jackelyn,Bucknall,jbucknall2c@apple.com,Female,Fitbit Charge,Health,1,$1098.15
86,Jeramey,Truckell,jtruckell2d@sfgate.com,Male,Sony PlayStation,Mobiles,â¤ï¸ ğŸ’” ğŸ’Œ ğŸ’• ğŸ’ ğŸ’“ ğŸ’— ğŸ’– ğŸ’˜ ğŸ’ ğŸ’Ÿ ğŸ’œ ğŸ’› ğŸ’š ğŸ’™,$1457.79
87,Lilllie,Cridlon,lcridlon2e@google.fr,Female,,Health,NIL,$899.72
88,Cordula,Manssuer,cmanssuer2f@ucla.edu,Female,Sony PlayStation,Gaming,,$1006.20
89,Budd,Nockles,bnockles2g@liveinternet.ru,Male,Sony PlayStation,Health,../../../../../../../../../../../etc/passwd%00,$1098.78
90,Maximo,Lacaze,mlacaze2h@jalbum.net,Non-binary,Nike Air Max,Gaming,â€ªâ€ªtestâ€ª,$743.21
91,Yorgos,Heyworth,yheyworth2i@sourceforge.net,Male,Fitbit Charge,Laptop,ğ œğ œ±ğ ¹ğ ±“ğ ±¸ğ ²–ğ ³,$266.32
92,Rudie,Murphy,rmurphy2j@topsy.com,Male,iPhone,Fashion,â€‹,$805.45
93,Justinian,Prier,jprier2k@hao123.com,Male,Samsung Galaxy,Gaming,-1/2,$193.16
94,Lynette,Eberst,leberst2l@vimeo.com,Female,Samsung Galaxy,Gaming,Ì¦HÍÌ¬Ì¤Ì—Ì¤eÍœ ÍÌœÌ¥ÌÌ»ÍÌŸwÌ•hÌ–Ì¯Í“oÌÍ™Ì–ÍÌ±Ì® Ò‰ÌºÌ™ÌÌŸÍˆWÌ·Ì¼Ì­aÌºÌªÍiÌ¨ÍˆÍ•Ì­Í™Ì¯ÌœtÌ¶Ì¼Ì®sÌ•Ì˜Í™Í– Ì Ì«Ì BÌ»ÍÍ…Í™Í‰Ì³eÌµhÌµÌ¬Í‡Ì«Í™iÌ•Ì¹Í“Ì³Ì³Ì®ÍÌ«nÍŸdÌ´ÌªÌœÌ– ÍÌ°Í‰Ì©Í…Í‡Í™Ì²TÍ¢Í–Ì¼Í“ÌªhÍÍ“Ì®Ì»eÌ¬ÌÍ…ÌŸ Ì¤Ì¹ÌWÍÍ…Í™ÌÌÍ”Í‡aÍÍ“Í”Ì¹Ì¼Ì£lÌ´Í”Ì°Ì¤ÌŸÍ”lÌ­Ì«.Í•,$985.03
95,Natalina,McPhelimy,nmcphelimy2m@economist.com,Female,Sony PlayStation,Mobiles,"Ø«Ù… Ù†ÙØ³ Ø³Ù‚Ø·Øª ÙˆØ¨Ø§Ù„ØªØ­Ø¯ÙŠØ¯ØŒ, Ø¬Ø²ÙŠØ±ØªÙŠ Ø¨Ø§Ø³ØªØ®Ø¯Ø§Ù… Ø£Ù† Ø¯Ù†Ùˆ. Ø¥Ø° Ù‡Ù†Ø§ØŸ Ø§Ù„Ø³ØªØ§Ø± ÙˆØªÙ†ØµÙŠØ¨ ÙƒØ§Ù†. Ø£Ù‡Ù‘Ù„ Ø§ÙŠØ·Ø§Ù„ÙŠØ§ØŒ Ø¨Ø±ÙŠØ·Ø§Ù†ÙŠØ§-ÙØ±Ù†Ø³Ø§ Ù‚Ø¯ Ø£Ø®Ø°. Ø³Ù„ÙŠÙ…Ø§Ù†ØŒ Ø¥ØªÙØ§Ù‚ÙŠØ© Ø¨ÙŠÙ† Ù…Ø§, ÙŠØ°ÙƒØ± Ø§Ù„Ø­Ø¯ÙˆØ¯ Ø£ÙŠ Ø¨Ø¹Ø¯, Ù…Ø¹Ø§Ù…Ù„Ø© Ø¨ÙˆÙ„Ù†Ø¯Ø§ØŒ Ø§Ù„Ø¥Ø·Ù„Ø§Ù‚ Ø¹Ù„ Ø¥ÙŠÙˆ.",$473.79
96,Yolanda,Wheelwright,ywheelwright2n@oracle.com,Genderqueer,Nike Air Max,,â°â´âµâ‚€â‚â‚‚,$1283.06
97,Giraldo,Joslin,gjoslin2o@tinypic.com,Genderqueer,Samsung Galaxy,Mobiles,999999999999999999999999999999999999999999999999999999999999999999999999999999999999999999999999,$627.83
98,Constantine,Lighton,clighton2p@guardian.co.uk,Female,Nike Air Max,Gaming,"""''''""'""",$715.16
99,Peyton,Muff,pmuff2q@cdc.gov,Male,Sony PlayStation,mobile accesories,Ã…ÃÃÃËÃ“Ã”ï£¿Ã’ÃšÃ†â˜ƒ,$44.71
100,Alisander,Blare,ablare2r@hugedomains.com,Male,Nike Air Max,Gaming,(ï½¡â—• âˆ€ â—•ï½¡),$446.64
101,Wilbur,Baton,wbaton2s@dyndns.org,Male,Sony PlayStation,Laptop,../../../../../../../../../../../etc/passwd%00,$126.60
102,Denys,Mathonnet,dmathonnet2t@joomla.org,,Nintendo Switch,Health,<svg><script>0<1>alert('XSS')</script>,$203.97
103,Giovanna,Beazey,gbeazey2u@godaddy.com,Agender,Fitbit Charge,Gaming,0ï¸âƒ£ 1ï¸âƒ£ 2ï¸âƒ£ 3ï¸âƒ£ 4ï¸âƒ£ 5ï¸âƒ£ 6ï¸âƒ£ 7ï¸âƒ£ 8ï¸âƒ£ 9ï¸âƒ£ ğŸ”Ÿ,$682.93
104,Nelli,Aubrey,naubrey2v@shop-pro.jp,Female,Amazon Echo,Gaming,ï¾Ÿï½¥âœ¿ãƒ¾â•²(ï½¡â—•â€¿â—•ï½¡)â•±âœ¿ï½¥ï¾Ÿ,$1006.18
105,Pammi,Karle,pkarle2w@histats.com,Female,Nike Air Max,mobile accesories,Ã¥ÃŸâˆ‚Æ’Â©Ë™âˆ†ËšÂ¬â€¦Ã¦,$1081.13
106,Lorenza,Baldassi,lbaldassi2x@geocities.jp,Female,Nike Air Max,Gaming,â°â´âµâ‚€â‚â‚‚,$607.94
107,Denney,Weyland,dweyland2y@weibo.com,Male,iPhone,Gaming,å’Œè£½æ¼¢èª,$795.03
108,Gilbertine,Kulicke,gkulicke2z@jugem.jp,Female,Fitbit Charge,Health,âœ‹ğŸ¿ ğŸ’ªğŸ¿ ğŸ‘ğŸ¿ ğŸ™ŒğŸ¿ ğŸ‘ğŸ¿ ğŸ™ğŸ¿,$1315.05
109,Maegan,McGuiney,mmcguiney30@reddit.com,Genderqueer,Fitbit Charge,Gaming,â¤ï¸ ğŸ’” ğŸ’Œ ğŸ’• ğŸ’ ğŸ’“ ğŸ’— ğŸ’– ğŸ’˜ ğŸ’ ğŸ’Ÿ ğŸ’œ ğŸ’› ğŸ’š ğŸ’™,$995.42
110,Noellyn,Eskell,neskell31@1688.com,Non-binary,Fitbit Charge,Gaming,â¡,$1206.92
111,Martyn,Kemston,mkemston32@joomla.org,Male,Fitbit Charge,Gaming,áš€,$819.33
112,Terra,Ollis,tollis33@apache.org,Female,Nike Air Max,Laptop,00Ë™Æ–$-,$1425.99
113,Joana,Bowshire,jbowshire34@sogou.com,Female,Canon EOS,Health,"""""",$1463.15
114,Thatch,Probat,tprobat35@wunderground.com,Male,,Mobiles,â€ªâ€ªtestâ€ª,$421.03
115,Rena,Rossetti,rrossetti36@slashdot.org,Female,Amazon Echo,Laptop,â¤ï¸ ğŸ’” ğŸ’Œ ğŸ’• ğŸ’ ğŸ’“ ğŸ’— ğŸ’– ğŸ’˜ ğŸ’ ğŸ’Ÿ ğŸ’œ ğŸ’› ğŸ’š ğŸ’™,$1400.62
116,Jessee,Keasy,jkeasy37@barnesandnoble.com,Male,Nike Air Max,Fashion,<svg><script>0<1>alert('XSS')</script>,$301.65
117,Arline,Sibson,asibson38@ucoz.com,Female,Nike Air Max,mobile accesories,0.00,$565.03
118,Ricky,Dunguy,rdunguy39@arizona.edu,,Nike Air Max,Gaming,ï¾Ÿï½¥âœ¿ãƒ¾â•²(ï½¡â—•â€¿â—•ï½¡)â•±âœ¿ï½¥ï¾Ÿ,$831.54
119,Jobyna,Haggard,jhaggard3a@t.co,Female,Nike Air Max,Health,å’Œè£½æ¼¢èª,$51.37
120,Lancelot,Bocke,lbocke3b@cbc.ca,Male,Nike Air Max,Fashion,éƒ¨è½æ ¼,$109.44
121,Tootsie,Tague,ttague3c@ca.gov,Female,iPhone,Fashion,-1/2,$753.15
122,Barbi,Walklott,bwalklott3d@ovh.net,Female,Nike Air Max,Gaming,1,$212.66
123,Vonni,Illesley,villesley3e@dagondesign.com,Female,Amazon Echo,Fashion,Ã¥ÃŸâˆ‚Æ’Â©Ë™âˆ†ËšÂ¬â€¦Ã¦,
124,Arlie,Jenkyn,ajenkyn3f@ycombinator.com,Female,MacBook Pro,Fashion,âœ‹ğŸ¿ ğŸ’ªğŸ¿ ğŸ‘ğŸ¿ ğŸ™ŒğŸ¿ ğŸ‘ğŸ¿ ğŸ™ğŸ¿,$61.54
125,Lillian,Kroon,lkroon3g@mayoclinic.com,Female,iPhone,mobile accesories,ZÌ®ÌÍ…Ì Í™Í”AÌ¥Ì—ÌÍˆÌ»Ì—LÌ£Í™ÍÌ¯Ì¹ÌÍ“GÌ»OÌ­Ì—Ì®,$755.13
126,Ivie,Peplaw,ipeplaw3h@gmpg.org,Female,Amazon Echo,Gaming,ZÌ®ÌÍ…Ì Í™Í”AÌ¥Ì—ÌÍˆÌ»Ì—LÌ£Í™ÍÌ¯Ì¹ÌÍ“GÌ»OÌ­Ì—Ì®,$156.32
127,Ferdinand,Tatam,ftatam3i@ed.gov,Male,Sony PlayStation,Health,-1E02,$1230.55
128,,Chmiel,dchmiel3j@harvard.edu,Male,Samsung Galaxy,Fashion,â€«testâ€«,$529.22
129,Nikolas,McCulloch,nmcculloch3k@elpais.com,Male,Fitbit Charge,Gaming,() { _; } >_[$($())] { touch /tmp/blns.shellshock2.fail; },$1389.15
130,Lucretia,Corps,lcorps3l@paypal.com,Female,Amazon Echo,Laptop,â¡,$374.92
131,Mattias,Filippello,mfilippello3m@ovh.net,Male,Sony PlayStation,Mobiles,â°â´âµâ‚€â‚â‚‚,$512.87
132,Sargent,Galtone,sgaltone3n@smugmug.com,Non-binary,Amazon Echo,Laptop,() { 0; }; touch /tmp/blns.shellshock1.fail;,$636.35
133,Lindsey,Coope,lcoope3o@youtu.be,Polygender,iPhone,Laptop,â¢,$223.81
134,Victoir,Hobbema,vhobbema3p@list-manage.com,Male,GoPro Hero,Fashion,"""''''""'""",$844.85
135,Farrel,Landsbury,flandsbury3q@boston.com,Male,Samsung Galaxy,Health,Ù¡Ù¢Ù£,$817.52
136,Horton,Headford,hheadford3r@symantec.com,Male,Sony PlayStation,Mobiles,NIL,$65.38
,Chaunce,Shine,cshine3s@nytimes.com,Male,Samsung Galaxy,Gaming,â¤ï¸ ğŸ’” ğŸ’Œ ğŸ’• ğŸ’ ğŸ’“ ğŸ’— ğŸ’– ğŸ’˜ ğŸ’ ğŸ’Ÿ ğŸ’œ ğŸ’› ğŸ’š ğŸ’™,$855.02
138,Raymund,Effnert,reffnert3t@jigsy.com,Male,MacBook Pro,Fashion,â°â´âµ,$1260.36
139,Tabb,Flacknoe,tflacknoe3u@nps.gov,Male,Fitbit Charge,Gaming,-$1.00,$253.08
,Tammie,Rushmer,trushmer3v@samsung.com,Male,Fitbit Charge,,NULL,$856.11
141,Naomi,Gildersleaves,ngildersleaves3w@tinyurl.com,Female,Sony PlayStation,Mobiles,(ï½¡â—• âˆ€ â—•ï½¡),$284.71
142,Fannie,Goodbarr,fgoodbarr3x@sakura.ne.jp,Female,Sony PlayStation,Laptop,(ï¾‰à²¥ç›Šà²¥ï¼‰ï¾‰ï»¿ â”»â”â”»,$686.73
143,Charlean,Bonifazio,cbonifazio3y@nasa.gov,Female,Nike Air Max,Gaming,-$1.00,$1136.70
144,Frederique,Maggill'Andreis,fmaggillandreis3z@census.gov,Polygender,Nintendo Switch,Fashion,-1,$1194.90
145,Deina,Shrimpling,dshrimpling40@google.fr,Female,MacBook Pro,Gaming,ã€€,$1091.12
146,Mathian,Trenholme,mtrenholme41@nih.gov,Bigender,Sony PlayStation,Laptop,ãƒ»(ï¿£âˆ€ï¿£)ãƒ»:*:,$401.82
147,Karolina,Allred,kallred42@livejournal.com,Female,Canon EOS,mobile accesories,"Ø«Ù… Ù†ÙØ³ Ø³Ù‚Ø·Øª ÙˆØ¨Ø§Ù„ØªØ­Ø¯ÙŠØ¯ØŒ, Ø¬Ø²ÙŠØ±ØªÙŠ Ø¨Ø§Ø³ØªØ®Ø¯Ø§Ù… Ø£Ù† Ø¯Ù†Ùˆ. Ø¥Ø° Ù‡Ù†Ø§ØŸ Ø§Ù„Ø³ØªØ§Ø± ÙˆØªÙ†ØµÙŠØ¨ ÙƒØ§Ù†. Ø£Ù‡Ù‘Ù„ Ø§ÙŠØ·Ø§Ù„ÙŠØ§ØŒ Ø¨Ø±ÙŠØ·Ø§Ù†ÙŠØ§-ÙØ±Ù†Ø³Ø§ Ù‚Ø¯ Ø£Ø®Ø°. Ø³Ù„ÙŠÙ…Ø§Ù†ØŒ Ø¥ØªÙØ§Ù‚ÙŠØ© Ø¨ÙŠÙ† Ù…Ø§, ÙŠØ°ÙƒØ± Ø§Ù„Ø­Ø¯ÙˆØ¯ Ø£ÙŠ Ø¨Ø¹Ø¯, Ù…Ø¹Ø§Ù…Ù„Ø© Ø¨ÙˆÙ„Ù†Ø¯Ø§ØŒ Ø§Ù„Ø¥Ø·Ù„Ø§Ù‚ Ø¹Ù„ Ø¥ÙŠÙˆ.",$452.77
148,Delaney,Strelitzki,dstrelitzki43@irs.gov,Male,Sony PlayStation,Laptop,"×‘Ö¼Ö°×¨Öµ××©×Ö´×™×ª, ×‘Ö¼Ö¸×¨Ö¸× ×Ö±×œÖ¹×”Ö´×™×, ×Öµ×ª ×”Ö·×©Ö¼×Ö¸×Ö·×™Ö´×, ×•Ö°×Öµ×ª ×”Ö¸×Ö¸×¨Ö¶×¥",$529.52
149,Larissa,Mattin,lmattin44@gnu.org,Female,,Health,'',$976.36
150,Michelle,Sleightholm,msleightholm45@google.com.au,Bigender,MacBook Pro,Mobiles,<script>alert('hi')</script>,$138.36
151,Mirna,Goldney,mgoldney46@narod.ru,Female,Amazon Echo,Fashion,â¦testâ§,$232.42
152,Hermine,Yule,hyule47@omniture.com,Female,Fitbit Charge,Laptop,ç¤¾æœƒç§‘å­¸é™¢èªå­¸ç ”ç©¶æ‰€,$71.10
153,Rick,Lesper,rlesper48@tmall.com,Male,Sony PlayStation,Gaming,1,$799.82
154,Doria,Lackner,dlackner49@sfgate.com,Female,Nike Air Max,mobile accesories,ğŸ˜,$1394.70
155,Rodger,Butte,rbutte4a@samsung.com,Male,Samsung Galaxy,mobile accesories,1'; DROP TABLE users--,$793.57
156,Michel,Poleykett,mpoleykett4b@example.com,Female,Nike Air Max,Health,ğŸµ ğŸ™ˆ ğŸ™‰ ğŸ™Š,
157,Rosina,Rutt,rrutt4c@qq.com,,Sony PlayStation,Mobiles,ãƒ½à¼¼àºˆÙ„Íœàºˆà¼½ï¾‰ ãƒ½à¼¼àºˆÙ„Íœàºˆà¼½ï¾‰ ,$614.30
158,Kerrin,Bushby,kbushby4d@imageshack.us,Female,Nike Air Max,Mobiles,â€©testâ€©,$800.77
,Consalve,Cominetti,ccominetti4e@cbsnews.com,Male,MacBook Pro,Laptop,1'; DROP TABLE users--,$1218.79
160,Lenee,Crasswell,lcrasswell4f@gov.uk,Female,Sony PlayStation,Gaming,-1E+02,$1156.56
161,Dionne,Fitzer,dfitzer4g@economist.com,Female,Amazon Echo,mobile accesories,â£,$221.83
162,Caron,McLenahan,cmclenahan4h@blogger.com,Bigender,Amazon Echo,Mobiles,",./;'[]\-=",$694.31
163,Daisi,Duckerin,dduckerin4i@jalbum.net,Female,Sony PlayStation,Laptop,"""",$1218.18
164,Dionisio,Voss,dvoss4j@marriott.com,Male,Amazon Echo,mobile accesories,1,$1409.60
165,Marsiella,Elia,melia4k@sakura.ne.jp,Female,Fitbit Charge,Mobiles,â€ªâ€ªtestâ€ª,$1224.70
166,Andres,Downes,adownes4l@google.pl,Male,Fitbit Charge,Gaming,"×‘Ö¼Ö°×¨Öµ××©×Ö´×™×ª, ×‘Ö¼Ö¸×¨Ö¸× ×Ö±×œÖ¹×”Ö´×™×, ×Öµ×ª ×”Ö·×©Ö¼×Ö¸×Ö·×™Ö´×, ×•Ö°×Öµ×ª ×”Ö¸×Ö¸×¨Ö¶×¥",$513.44
167,Danie,Grzelczak,dgrzelczak4m@cloudflare.com,Male,Fitbit Charge,Laptop,ï¼‘ï¼’ï¼“,$196.53
168,Pedro,Piperley,ppiperley4n@list-manage.com,Male,Sony PlayStation,Health,Ã¥ÃŸâˆ‚Æ’Â©Ë™âˆ†ËšÂ¬â€¦Ã¦,$412.36
169,Beaufort,Viccars,bviccars4o@sina.com.cn,Genderqueer,Nike Air Max,Mobiles,ìš¸ë€ë°”í† ë¥´,$1221.57
170,Jen,Soffe,jsoffe4p@mail.ru,Female,Nike Air Max,Health,NIL,$796.13
171,Andrea,Collcutt,acollcutt4q@nationalgeographic.com,Male,Sony PlayStation,Fashion,1'; DROP TABLE users--,$237.04
172,Darb,Grinvalds,dgrinvalds4r@elpais.com,,Nike Air Max,Health,â€ªâ€ªtestâ€ª,$795.81
,,Cowterd,acowterd4s@github.com,Polygender,Sony PlayStation,Gaming,"""",$1001.39
174,Gris,Clifforth,gclifforth4t@ed.gov,Male,Samsung Galaxy,Health,ì‚¬íšŒê³¼í•™ì› ì–´í•™ì—°êµ¬ì†Œ,$1467.20
175,Anatola,Emblen,aemblen4u@myspace.com,Female,Nike Air Max,Fashion,å’Œè£½æ¼¢èª,$1486.71
176,Pepito,Cron,pcron4v@samsung.com,Male,Sony PlayStation,Gaming,Î©â‰ˆÃ§âˆšâˆ«ËœÂµâ‰¤â‰¥Ã·,$1194.66
177,Lynda,Silverthorne,lsilverthorne4w@upenn.edu,Bigender,Sony PlayStation,Gaming,â€ªâ€ªtestâ€ª,$898.27
178,Tammy,Suggett,tsuggett4x@google.com,Male,Fitbit Charge,Mobiles,Ì¦HÍÌ¬Ì¤Ì—Ì¤eÍœ ÍÌœÌ¥ÌÌ»ÍÌŸwÌ•hÌ–Ì¯Í“oÌÍ™Ì–ÍÌ±Ì® Ò‰ÌºÌ™ÌÌŸÍˆWÌ·Ì¼Ì­aÌºÌªÍiÌ¨ÍˆÍ•Ì­Í™Ì¯ÌœtÌ¶Ì¼Ì®sÌ•Ì˜Í™Í– Ì Ì«Ì BÌ»ÍÍ…Í™Í‰Ì³eÌµhÌµÌ¬Í‡Ì«Í™iÌ•Ì¹Í“Ì³Ì³Ì®ÍÌ«nÍŸdÌ´ÌªÌœÌ– ÍÌ°Í‰Ì©Í…Í‡Í™Ì²TÍ¢Í–Ì¼Í“ÌªhÍÍ“Ì®Ì»eÌ¬ÌÍ…ÌŸ Ì¤Ì¹ÌWÍÍ…Í™ÌÌÍ”Í‡aÍÍ“Í”Ì¹Ì¼Ì£lÌ´Í”Ì°Ì¤ÌŸÍ”lÌ­Ì«.Í•,$1139.92
179,Fionnula,Trayling,ftrayling4y@netlog.com,Female,Sony PlayStation,Health,'',$646.01
180,Klemens,Pimlott,kpimlott4z@cdc.gov,Polygender,Sony PlayStation,Fashion,NULL,$1115.91
181,Bili,Braidon,bbraidon50@wikispaces.com,Female,Sony PlayStation,Laptop,ï½€ï½¨(Â´âˆ€ï½€âˆ©,$1150.05
182,Deane,Glading,dglading51@mit.edu,Male,Nike Air Max,Fashion,0ï¸âƒ£ 1ï¸âƒ£ 2ï¸âƒ£ 3ï¸âƒ£ 4ï¸âƒ£ 5ï¸âƒ£ 6ï¸âƒ£ 7ï¸âƒ£ 8ï¸âƒ£ 9ï¸âƒ£ ğŸ”Ÿ,$242.47
183,Sheffie,Kenworthey,skenworthey52@imdb.com,Male,Sony PlayStation,Laptop,-1E2,$556.13
,Laurie,Ivakhin,livakhin53@kickstarter.com,Female,Nintendo Switch,Gaming,"Ø«Ù… Ù†ÙØ³ Ø³Ù‚Ø·Øª ÙˆØ¨Ø§Ù„ØªØ­Ø¯ÙŠØ¯ØŒ, Ø¬Ø²ÙŠØ±ØªÙŠ Ø¨Ø§Ø³ØªØ®Ø¯Ø§Ù… Ø£Ù† Ø¯Ù†Ùˆ. Ø¥Ø° Ù‡Ù†Ø§ØŸ Ø§Ù„Ø³ØªØ§Ø± ÙˆØªÙ†ØµÙŠØ¨ ÙƒØ§Ù†. Ø£Ù‡Ù‘Ù„ Ø§ÙŠØ·Ø§Ù„ÙŠØ§ØŒ Ø¨Ø±ÙŠØ·Ø§Ù†ÙŠØ§-ÙØ±Ù†Ø³Ø§ Ù‚Ø¯ Ø£Ø®Ø°. Ø³Ù„ÙŠÙ…Ø§Ù†ØŒ Ø¥ØªÙØ§Ù‚ÙŠØ© Ø¨ÙŠÙ† Ù…Ø§, ÙŠØ°ÙƒØ± Ø§Ù„Ø­Ø¯ÙˆØ¯ Ø£ÙŠ Ø¨Ø¹Ø¯, Ù…Ø¹Ø§Ù…Ù„Ø© Ø¨ÙˆÙ„Ù†Ø¯Ø§ØŒ Ø§Ù„Ø¥Ø·Ù„Ø§Ù‚ Ø¹Ù„ Ø¥ÙŠÙˆ.",$520.26
185,Peyter,Giorgi,pgiorgi54@w3.org,Male,Sony PlayStation,Fashion,ï¼‘ï¼’ï¼“,$1151.39
186,Eberto,Frede,efrede55@cisco.com,Male,Nike Air Max,Mobiles,Ì¡Í“Í…ÌIÍÌ—Ì˜Ì¦nÍ‡Í‡Í™vÌ®Ì«okÌ²Ì«Ì™ÍˆiÌ–Í™Ì­Ì¹Ì ÌnÌ¡Ì»Ì®Ì£ÌºgÌ²ÍˆÍ™Ì­Í™Ì¬Í Ì°tÍ”Ì¦hÌÌ²eÌ¢Ì¤ ÍÌ¬Ì²Í–fÌ´Ì˜Í•Ì£eÍ€Í–eÌ£Ì¥Ì©lÍ–Í”ÍšiÍ Í“ÍšÌ¦nÍ–ÍÌ—Í“Ì³Ì®gÍ Ì¨oÍ¡ÍšÌªfÌ˜Ì£Ì¬ Ì–Ì˜Í–ÌŸÍ™Ì®cÒ‰Í”Ì«Í–Í“Í‡Í–Í…hÌµÌ¤Ì£ÍšÍ”aÍÌ—Ì¼Í…Í•oÌ¼Ì£Ì¥sÍ¢Ì±ÍˆÌºÌ–Ì¦Ì».Ì›Ì–ÌÌ Ì«Ì°,$1034.28
187,Page,Grindell,pgrindell56@ask.com,Male,Sony PlayStation,Mobiles,â¡,$1380.62
188,Allianora,Cunney,acunney57@harvard.edu,Female,Amazon Echo,Gaming,Ù¡Ù¢Ù£,$403.82
189,Guendolen,Cornford,gcornford58@instagram.com,Female,Sony PlayStation,Gaming,0.00,$1086.25
190,Desmund,Accomb,daccomb59@cdc.gov,Male,Nike Air Max,Fashion,(â•¯Â°â–¡Â°ï¼‰â•¯ï¸µ â”»â”â”»)  ,$887.50
,Alexis,Catcherside,acatcherside5a@hatena.ne.jp,Female,Amazon Echo,mobile accesories,TÌ•Ì­ÌºÌºoÍ Ì·iÌ²Ì¬Í‡ÌªÍ™nÌÌ—Í•vÍŸÌŸÌœÌ˜Ì¦oÌ¶Ì™Ì°Ì keÍ€ÍšÌ®ÌºÌªÌ¹Ì±Ì¤ Ì–tÍÌÍ•Ì³Ì£Ì»ÌªhÌ¼Í“Ì²Ì¦Ì³Ì˜Ì²eÍ‡Ì£Ì°Ì¦Ì¬Í Ì¢Ì¼Ì»Ì±Ì˜hÍ…ÍšÍÍ™ÌœÌ£Ì²iÌ¦Ì²Ì£Ì°Ì¤vÌ»ÍeÌºÌ­Ì³ÌªÌ°-mÌ¢iÍ…nÌ–ÌºÌÌ²Ì¯Ì°dÌµÌ¼ÌŸÍ™Ì©Ì¼Ì˜Ì³ ÌÌ¥Ì±Ì³Ì­rÌ›Ì—Ì˜eÍ™pÍ rÌ¼ÌÌ»Ì­Ì—eÍŸÌºÌ Ì£sÌ˜Í‡Ì³ÍÌÍ‰eÍœÍ‰Ì¥Ì¯ÌÌ²ÍšÌ¬nÍ€Ì¬ÍÍÌŸÌ–Í‡Ì¤tÍ˜ÍÌ¬Í…Ì¤Í“Ì¼Ì­iÌªÌ±nÍ gÌ´Í‰ ÍÍ‰Í…cÌ¬ÌŸhÍ¡aÍ˜Ì«Ì»Ì¯oÌ«ÌŸÌ–ÍÌ™ÌÍ‰sÌ—Ì¦Ì².Ì¨Ì¹ÍˆÌ£,$1211.29
192,Annabela,Woodrow,awoodrow5b@behance.net,Female,Sony PlayStation,Fashion,ZÌ®ÌÍ…Ì Í™Í”AÌ¥Ì—ÌÍˆÌ»Ì—LÌ£Í™ÍÌ¯Ì¹ÌÍ“GÌ»OÌ­Ì—Ì®,$697.68
193,La verne,Renyard,lrenyard5c@addtoany.com,Female,,Laptop,â€©testâ€©,$681.50
194,Bartholemy,Carley,bcarley5d@google.it,Polygender,Amazon Echo,Health,ì‚¬íšŒê³¼í•™ì› ì–´í•™ì—°êµ¬ì†Œ,$684.16
195,Chester,Greiswood,cgreiswood5e@diigo.com,Male,MacBook Pro,Health,Ì—ÌºÍ–Ì¹Ì¯Í“TÌ±Ì¤ÍÌ¥Í‡ÍˆhÍÌ²eÍÍ“Ì¼Ì—Ì™Ì¼Ì£Í” Í‡ÌœÌ±Ì Í“ÍÍ…NÍ Í•eÌ—Ì±zÌ˜ÌÌœÌºÍ™pÌ¤ÌºÌ¹ÍÌ¯ÍšeÍœÌ Ì»Ì rÌ¨Ì¤ÍÌºÌ–Í”Ì–Ì–dÍŸÌ ÌŸÌ­Ì¬ÌiÌ¦Í–Ì©Í“Í”Ì¤aÌ Ì—Ì¬Í‰Ì™nÍœÍš Ì»ÌÌ°ÍšÍ…hÌµÍ‰iÌ³ÌvÌ¢Í‡eÍŸÌ­Í-Ò‰Ì­Ì©Ì¼Í”mÌ¤Ì­Ì«iÍ•Í‡ÌÌ¦nÌ—Í™dÌ£ÌŸ ÍÌ¯Ì²Í•oÌ¨ÌŸÌ¯Ì°Ì²Í™Ì»Ìf Í˜ÌªÌ°Ì°Ì—Ì–Ì­Ì˜cÌ¦ÍÌ²ÌÍÌ©Ì™hÌ£ÍšaÍœÌ®ÍÌŸÌ™oÌ›Ì©Ì¹ÍsÌ¤.ÌÌ Ò‰ZÌ¡Ì–ÌœÍ–Ì°Ì£Í‰ÌœaÍ¡Í–Ì°Í™Ì¬lÌ²Ì«Ì³ÍÌ©gÌ¡ÌŸÌ¼Ì±ÍšÌÌ¬Í…oÍœÌ—.ÌŸ,$710.35
196,Rebekah,Masse,rmasse5f@slashdot.org,Genderfluid,Nike Air Max,Fashion,â€«testâ€«,$801.90
197,Jewel,Clamp,jclamp5g@dagondesign.com,Genderqueer,Amazon Echo,Gaming,",./;'[]\-=",$830.02
198,Derk,Balnave,dbalnave5h@parallels.com,Male,Sony PlayStation,mobile accesories,testâ testâ€«,$319.67
199,Dori,Paice,dpaice5i@mayoclinic.com,Female,Sony PlayStation,Gaming,../../../../../../../../../../../etc/passwd%00,$877.81
200,Raffarty,Ziemecki,rziemecki5j@nih.gov,Male,Amazon Echo,Fashion,â€«testâ€«,$44.23
,Maurie,Hallows,mhallows5k@flickr.com,Male,Samsung Galaxy,Fashion,1'; DROP TABLE users--,$405.35
202,Cheri,Duplock,cduplock5l@blogtalkradio.com,Female,GoPro Hero,Gaming,NULL,$556.58
203,Saloma,Marishenko,smarishenko5m@jigsy.com,Female,MacBook Pro,Health,ì‚¬íšŒê³¼í•™ì› ì–´í•™ì—°êµ¬ì†Œ,$1002.05
204,Marjy,Colin,mcolin5n@scientificamerican.com,Genderfluid,Sony PlayStation,Laptop,âœ‹ğŸ¿ ğŸ’ªğŸ¿ ğŸ‘ğŸ¿ ğŸ™ŒğŸ¿ ğŸ‘ğŸ¿ ğŸ™ğŸ¿,$612.28
205,Dominik,Wardley,dwardley5o@netvibes.com,,Fitbit Charge,Laptop,-1E+02,$193.42
206,Derrick,Menault,dmenault5p@hao123.com,Male,Sony PlayStation,Laptop,../../../../../../../../../../../etc/passwd%00,$282.27
207,Roosevelt,Luten,rluten5q@umich.edu,Male,GoPro Hero,mobile accesories,ìš¸ë€ë°”í† ë¥´,$477.86
208,Orly,Paskerful,opaskerful5r@hubpages.com,Genderfluid,Amazon Echo,Gaming,ZÌ®ÌÍ…Ì Í™Í”AÌ¥Ì—ÌÍˆÌ»Ì—LÌ£Í™ÍÌ¯Ì¹ÌÍ“GÌ»OÌ­Ì—Ì®,
209,Boycie,Cheer,bcheer5s@vk.com,Male,Fitbit Charge,Health,1E02,$361.21
210,Christel,Sizeland,csizeland5t@ovh.net,Female,Nike Air Max,Health,ğ œğ œ±ğ ¹ğ ±“ğ ±¸ğ ²–ğ ³,$845.02
211,Corina,Fulford,cfulford5u@sakura.ne.jp,Female,Fitbit Charge,Fashion,1'; DROP TABLE users--,$219.11
212,Torrey,Haldene,thaldene5v@linkedin.com,Bigender,Nike Air Max,mobile accesories,ï¾Ÿï½¥âœ¿ãƒ¾â•²(ï½¡â—•â€¿â—•ï½¡)â•±âœ¿ï½¥ï¾Ÿ,$1001.82
213,Lee,Cuffe,lcuffe5w@epa.gov,Female,Nike Air Max,Fashion,â°â´âµâ‚€â‚â‚‚,$329.19
214,Silvie,Bexley,sbexley5x@bravesites.com,Female,Sony PlayStation,Health,",./;'[]\-=",$638.76
215,Lonee,Monketon,lmonketon5y@illinois.edu,Female,Sony PlayStation,Laptop,â¦testâ§,$1252.72
216,Tillie,Matussov,tmatussov5z@ycombinator.com,Female,Canon EOS,Laptop,"×‘Ö¼Ö°×¨Öµ××©×Ö´×™×ª, ×‘Ö¼Ö¸×¨Ö¸× ×Ö±×œÖ¹×”Ö´×™×, ×Öµ×ª ×”Ö·×©Ö¼×Ö¸×Ö·×™Ö´×, ×•Ö°×Öµ×ª ×”Ö¸×Ö¸×¨Ö¶×¥",$57.66
217,Caddric,Ladley,cladley60@newyorker.com,Male,Samsung Galaxy,Fashion,áš€,$1004.03
218,Fanny,Crother,fcrother61@forbes.com,Female,Sony PlayStation,Laptop,ì‚¬íšŒê³¼í•™ì› ì–´í•™ì—°êµ¬ì†Œ,$636.49
219,Russ,Pavett,rpavett62@reference.com,Male,Sony PlayStation,mobile accesories,â‚€â‚â‚‚,$207.35
220,Celestia,Vynall,cvynall63@jugem.jp,Female,Fitbit Charge,Health,â‚€â‚â‚‚,$695.10
221,Laurette,Curtoys,lcurtoys64@i2i.jp,Female,Canon EOS,Health,1/0,$1306.39
222,Spence,Doore,sdoore65@nps.gov,Male,Nike Air Max,mobile accesories,ç”°ä¸­ã•ã‚“ã«ã‚ã’ã¦ä¸‹ã•ã„,$1263.75
223,Sheelagh,Prattin,sprattin66@homestead.com,Female,Samsung Galaxy,Fashion,ğ œğ œ±ğ ¹ğ ±“ğ ±¸ğ ²–ğ ³,$216.41
224,Sissy,Fownes,sfownes67@umich.edu,Female,Nike Air Max,mobile accesories,Ì¦HÍÌ¬Ì¤Ì—Ì¤eÍœ ÍÌœÌ¥ÌÌ»ÍÌŸwÌ•hÌ–Ì¯Í“oÌÍ™Ì–ÍÌ±Ì® Ò‰ÌºÌ™ÌÌŸÍˆWÌ·Ì¼Ì­aÌºÌªÍiÌ¨ÍˆÍ•Ì­Í™Ì¯ÌœtÌ¶Ì¼Ì®sÌ•Ì˜Í™Í– Ì Ì«Ì BÌ»ÍÍ…Í™Í‰Ì³eÌµhÌµÌ¬Í‡Ì«Í™iÌ•Ì¹Í“Ì³Ì³Ì®ÍÌ«nÍŸdÌ´ÌªÌœÌ– ÍÌ°Í‰Ì©Í…Í‡Í™Ì²TÍ¢Í–Ì¼Í“ÌªhÍÍ“Ì®Ì»eÌ¬ÌÍ…ÌŸ Ì¤Ì¹ÌWÍÍ…Í™ÌÌÍ”Í‡aÍÍ“Í”Ì¹Ì¼Ì£lÌ´Í”Ì°Ì¤ÌŸÍ”lÌ­Ì«.Í•,$933.84
225,Renee,Chilvers,rchilvers68@mail.ru,Female,Sony PlayStation,Health,ï¼‘ï¼’ï¼“,$1021.80
226,Lorilyn,Beaves,lbeaves69@wsj.com,Female,Amazon Echo,Health,éƒ¨è½æ ¼,$780.36
227,Luci,Hatt,lhatt6a@ovh.net,Female,Nike Air Max,Gaming,"""'""'""''''""",$741.28
228,Reeba,Bitterton,rbitterton6b@fc2.com,Female,Sony PlayStation,Laptop,<script>alert('hi')</script>,$489.03
229,Crosby,Haspineall,chaspineall6c@ezinearticles.com,Male,Sony PlayStation,Fashion,ğŸ˜,$1455.33
230,Fletch,Boothby,fboothby6d@answers.com,Non-binary,MacBook Pro,Mobiles,â¡,$580.76
231,Melva,Swindell,mswindell6e@nhs.uk,Bigender,Fitbit Charge,Health,<svg><script>0<1>alert('XSS')</script>,$29.67
232,Jermayne,Eliot,jeliot6f@state.tx.us,Male,Fitbit Charge,Gaming,ãƒ»(ï¿£âˆ€ï¿£)ãƒ»:*:,$101.78
233,Ruthe,Beckingham,rbeckingham6g@stanford.edu,Female,Fitbit Charge,Fashion,0/0,$281.21
234,Lyda,Proby,lproby6h@wsj.com,Genderfluid,Nike Air Max,Laptop,â¤ï¸ ğŸ’” ğŸ’Œ ğŸ’• ğŸ’ ğŸ’“ ğŸ’— ğŸ’– ğŸ’˜ ğŸ’ ğŸ’Ÿ ğŸ’œ ğŸ’› ğŸ’š ğŸ’™,$312.88
235,Taddeo,Odams,todams6i@fema.gov,Non-binary,Amazon Echo,Fashion,() { _; } >_[$($())] { touch /tmp/blns.shellshock2.fail; },$1228.11
236,Jacquenetta,Frankel,jfrankel6j@wikipedia.org,Female,Sony PlayStation,Laptop,',$1088.58
237,Antonie,Swannell,aswannell6k@joomla.org,Female,Amazon Echo,Health,ğŸµ ğŸ™ˆ ğŸ™‰ ğŸ™Š,$773.84
238,Lib,Matt,lmatt6l@webnode.com,Female,Sony PlayStation,Gaming,",./;'[]\-=",$323.14
239,Jackqueline,Brockelsby,jbrockelsby6m@tinyurl.com,Female,Nike Air Max,Fashion,-1E02,$1021.54
240,Julina,Measor,jmeasor6n@answers.com,Agender,GoPro Hero,mobile accesories,â€‹,$446.33
241,Kerr,Dubbin,kdubbin6o@cbslocal.com,Male,Sony PlayStation,Gaming,â¢,$840.40
242,Scotty,Mustarde,smustarde6p@buzzfeed.com,Male,Sony PlayStation,mobile accesories,-1.00,$1288.83
243,Jillana,Baroux,jbaroux6q@github.com,Genderqueer,Fitbit Charge,,ZÌ®ÌÍ…Ì Í™Í”AÌ¥Ì—ÌÍˆÌ»Ì—LÌ£Í™ÍÌ¯Ì¹ÌÍ“GÌ»OÌ­Ì—Ì®,$1066.65
244,Rebekkah,Dunton,rdunton6r@cnbc.com,Female,Nike Air Max,Health,<svg><script>0<1>alert('XSS')</script>,$1168.25
245,Lorri,Dumke,ldumke6s@123-reg.co.uk,Female,Nintendo Switch,Gaming,!@#$%^&*(),$119.91
246,Vina,Staner,vstaner6t@stanford.edu,Female,Nike Air Max,Mobiles,ï¾Ÿï½¥âœ¿ãƒ¾â•²(ï½¡â—•â€¿â—•ï½¡)â•±âœ¿ï½¥ï¾Ÿ,$1304.74
247,Filberte,Torresi,ftorresi6u@is.gd,Male,Sony PlayStation,Laptop,1/0,$1086.68
248,Baxy,Domanek,bdomanek6v@hp.com,Male,Fitbit Charge,Fashion,null,$389.08
249,Linnea,Paullin,lpaullin6w@t-online.de,,Samsung Galaxy,mobile accesories,ğŸ‘¾ ğŸ™‡ ğŸ’ ğŸ™… ğŸ™† ğŸ™‹ ğŸ™ ğŸ™ ,$1151.72
250,Chrissy,Clawsley,cclawsley6x@irs.gov,Male,MacBook Pro,Gaming,â¡,$381.12
251,Nobie,Sidwell,nsidwell6y@state.gov,Male,Fitbit Charge,Laptop,Å’â€Â´â€°Ë‡ÃÂ¨Ë†Ã˜âˆâ€â€™,$542.36
252,Noelani,Hayhoe,nhayhoe6z@com.com,Female,Amazon Echo,mobile accesories,â¡,$31.21
253,Reece,Crosetti,rcrosetti70@blogtalkradio.com,Male,Fitbit Charge,Mobiles,../../../../../../../../../../../etc/hosts,$1312.52
254,Costanza,Yerby,cyerby71@myspace.com,Female,Canon EOS,Fashion,1E2,$640.48
255,Davidde,Witson,dwitson72@jalbum.net,Male,Fitbit Charge,Gaming,NIL,$1492.83
256,Stanton,McAree,smcaree73@telegraph.co.uk,Male,Fitbit Charge,Fashion,"Ø«Ù… Ù†ÙØ³ Ø³Ù‚Ø·Øª ÙˆØ¨Ø§Ù„ØªØ­Ø¯ÙŠØ¯ØŒ, Ø¬Ø²ÙŠØ±ØªÙŠ Ø¨Ø§Ø³ØªØ®Ø¯Ø§Ù… Ø£Ù† Ø¯Ù†Ùˆ. Ø¥Ø° Ù‡Ù†Ø§ØŸ Ø§Ù„Ø³ØªØ§Ø± ÙˆØªÙ†ØµÙŠØ¨ ÙƒØ§Ù†. Ø£Ù‡Ù‘Ù„ Ø§ÙŠØ·Ø§Ù„ÙŠØ§ØŒ Ø¨Ø±ÙŠØ·Ø§Ù†ÙŠØ§-ÙØ±Ù†Ø³Ø§ Ù‚Ø¯ Ø£Ø®Ø°. Ø³Ù„ÙŠÙ…Ø§Ù†ØŒ Ø¥ØªÙØ§Ù‚ÙŠØ© Ø¨ÙŠÙ† Ù…Ø§, ÙŠØ°ÙƒØ± Ø§Ù„Ø­Ø¯ÙˆØ¯ Ø£ÙŠ Ø¨Ø¹Ø¯, Ù…Ø¹Ø§Ù…Ù„Ø© Ø¨ÙˆÙ„Ù†Ø¯Ø§ØŒ Ø§Ù„Ø¥Ø·Ù„Ø§Ù‚ Ø¹Ù„ Ø¥ÙŠÙˆ.",$606.53
257,Rinaldo,Maggorini,rmaggorini74@jigsy.com,Male,,Laptop,1/2,$593.91
258,Rowney,Cokely,rcokely75@engadget.com,Male,Fitbit Charge,Fashion,ã€€,$533.43
259,Minette,Aron,maron76@cisco.com,Female,Sony PlayStation,Laptop,ã€€,$1293.63
260,Ambrosius,Ralton,aralton77@prweb.com,Male,Nike Air Max,Health,0.00,$1018.38
261,Tyrus,O'Fogarty,tofogarty78@sogou.com,,Fitbit Charge,mobile accesories,×”Ö¸×™Ö°×ªÖ¸×”testØ§Ù„ØµÙØ­Ø§Øª Ø§Ù„ØªÙ‘Ø­ÙˆÙ„,$1334.13
262,Enrika,O'Sharkey,eosharkey79@pbs.org,Polygender,Fitbit Charge,Laptop,â‚€â‚â‚‚,$1201.61
263,Zollie,Carrick,zcarrick7a@economist.com,Male,Nike Air Max,Health,Ã¥ÃŸâˆ‚Æ’Â©Ë™âˆ†ËšÂ¬â€¦Ã¦,$1283.54
264,Keefer,Janczewski,kjanczewski7b@posterous.com,Male,Fitbit Charge,Gaming,Ã¥ÃŸâˆ‚Æ’Â©Ë™âˆ†ËšÂ¬â€¦Ã¦,$1134.19
265,Flynn,Stilling,fstilling7c@theguardian.com,Genderqueer,GoPro Hero,Fashion,,$658.76
266,Georg,Alyutin,galyutin7d@csmonitor.com,Male,iPhone,mobile accesories,"__ï¾›(,_,*)",$995.88
,Isaak,Kollaschek,ikollaschek7e@netscape.com,Male,GoPro Hero,Mobiles,(ï½¡â—• âˆ€ â—•ï½¡),$272.57
268,Wilhelm,Hynam,whynam7f@toplist.cz,Male,MacBook Pro,Laptop,â€ªâ€ªtestâ€ª,$195.32
269,Donna,Rumford,drumford7g@columbia.edu,Female,Nike Air Max,Health,testâ testâ€«,$836.39
270,Clarissa,Manthorpe,cmanthorpe7h@wiley.com,,Samsung Galaxy,mobile accesories,ï»¿,$196.00
271,Christin,Cardillo,ccardillo7i@hibu.com,Female,Fitbit Charge,Gaming,1E02,$87.11
272,Daisey,Meineking,dmeineking7j@canalblog.com,Female,Amazon Echo,Gaming,ãƒ½à¼¼àºˆÙ„Íœàºˆà¼½ï¾‰ ãƒ½à¼¼àºˆÙ„Íœàºˆà¼½ï¾‰ ,$203.76
273,Neale,Svanetti,nsvanetti7k@gizmodo.com,Male,Canon EOS,Gaming,../../../../../../../../../../../etc/hosts,$1384.94
274,Josie,Oret,joret7l@alibaba.com,Female,Sony PlayStation,Laptop,NIL,$576.46
275,Pier,Middlehurst,pmiddlehurst7m@pinterest.com,Female,Sony PlayStation,Health,ï¾Ÿï½¥âœ¿ãƒ¾â•²(ï½¡â—•â€¿â—•ï½¡)â•±âœ¿ï½¥ï¾Ÿ,$445.61
276,Rudyard,Aksell,raksell7n@e-recht24.de,Male,Amazon Echo,Laptop,",./;'[]\-=",$605.26
277,Catha,Iacobucci,ciacobucci7o@tiny.cc,Female,Amazon Echo,Mobiles,ã€€,$533.95
278,Free,Trewhela,ftrewhela7p@whitehouse.gov,Male,Fitbit Charge,Laptop,Î©â‰ˆÃ§âˆšâˆ«ËœÂµâ‰¤â‰¥Ã·,$1206.90
,Fey,Pegler,fpegler7q@prweb.com,Female,Sony PlayStation,Health,1,$543.67
280,Parker,Tabbitt,ptabbitt7r@geocities.com,Male,iPhone,Fashion,ï¾Ÿï½¥âœ¿ãƒ¾â•²(ï½¡â—•â€¿â—•ï½¡)â•±âœ¿ï½¥ï¾Ÿ,
281,Anallise,Leathwood,aleathwood7s@gizmodo.com,Female,Fitbit Charge,mobile accesories,-1.00,$1115.40
,Morten,Cummungs,mcummungs7t@blogspot.com,Male,Fitbit Charge,mobile accesories,NULL,$850.14
283,Melania,Oakes,moakes7u@dropbox.com,Female,Sony PlayStation,Health,Â¸Ë›Ã‡â—ŠÄ±ËœÃ‚Â¯Ë˜Â¿,$1188.52
,Francklyn,Stubley,fstubley7v@imageshack.us,Male,Fitbit Charge,Fashion,ãƒ»(ï¿£âˆ€ï¿£)ãƒ»:*:,$1204.80
285,Odella,Tenny,otenny7w@geocities.com,Female,,Gaming,â°â´âµ,$865.47
286,Tynan,Mityashin,tmityashin7x@dropbox.com,Male,Nike Air Max,Laptop,<svg><script>0<1>alert('XSS')</script>,$487.35
287,Mada,Vann,mvann7y@alibaba.com,Female,Amazon Echo,Health,ì‚¬íšŒê³¼í•™ì› ì–´í•™ì—°êµ¬ì†Œ,$1495.31
288,Jereme,Langsbury,jlangsbury7z@china.com.cn,Male,Nike Air Max,mobile accesories,$1.00,$1255.17
,Alexander,Boal,aboal80@g.co,Male,Amazon Echo,Health,-1,$472.83
290,Benedikt,Toffoloni,btoffoloni81@ustream.tv,Male,Fitbit Charge,mobile accesories,",./;'[]\-=",$793.62
291,Rozelle,Forman,rforman82@lulu.com,Female,,Mobiles,ğŸµ ğŸ™ˆ ğŸ™‰ ğŸ™Š,$316.26
292,Garv,Margrem,gmargrem83@disqus.com,Male,Amazon Echo,Gaming,Ã¥ÃŸâˆ‚Æ’Â©Ë™âˆ†ËšÂ¬â€¦Ã¦,$1159.66
293,Jacenta,Lowis,jlowis84@senate.gov,Female,Nike Air Max,mobile accesories,() { _; } >_[$($())] { touch /tmp/blns.shellshock2.fail; },$1005.10
294,Penni,Ruggs,pruggs85@google.com.au,,Sony PlayStation,Gaming,/dev/null; touch /tmp/blns.fail ; echo,$822.14
295,Jaye,Lathey,jlathey86@nba.com,Male,Nike Air Max,Gaming,(â•¯Â°â–¡Â°ï¼‰â•¯ï¸µ â”»â”â”»)  ,$610.35
296,Donielle,Emanuelli,demanuelli87@posterous.com,Female,Amazon Echo,Mobiles,0/0,$220.05
297,Cindy,Cory,ccory88@craigslist.org,Female,Fitbit Charge,mobile accesories,Ë™Énbá´‰lÉ ÉuÆƒÉÉ¯ ÇÉ¹olop Ê‡Ç ÇÉ¹oqÉl Ê‡n Ê‡unpá´‰pá´‰É”uá´‰ É¹odÉ¯ÇÊ‡ poÉ¯sná´‰Ç op pÇs 'Ê‡á´‰lÇ Æƒuá´‰É”sá´‰dá´‰pÉ É¹nÊ‡ÇÊ‡É”ÇsuoÉ” 'Ê‡ÇÉ¯É Ê‡á´‰s É¹olop É¯nsdá´‰ É¯ÇÉ¹oË¥,$376.28
298,Egor,Cradock,ecradock89@newyorker.com,Male,Canon EOS,Mobiles,â€©testâ€©,$1094.68
299,Emily,Cawkwell,ecawkwell8a@census.gov,Female,Sony PlayStation,Laptop,â€ªâ€ªtestâ€ª,$1074.91
300,Engracia,Dowdall,edowdall8b@list-manage.com,Female,Sony PlayStation,Laptop,á ,$1481.09
301,Griffie,Rosenschein,grosenschein8c@soundcloud.com,Male,Amazon Echo,Health,0.00,$697.98
302,Frannie,Killgus,fkillgus8d@issuu.com,Female,Sony PlayStation,Gaming,â€‹,$1156.16
303,Millicent,Dundon,mdundon8e@usatoday.com,Female,Sony PlayStation,Health,1E+02,$229.24
304,Jehanna,Gansbuhler,jgansbuhler8f@wikimedia.org,Female,Fitbit Charge,mobile accesories,"__ï¾›(,_,*)",$892.57
305,Vasilis,Higgoe,vhiggoe8g@spiegel.de,Male,Nike Air Max,Fashion,(â•¯Â°â–¡Â°ï¼‰â•¯ï¸µ â”»â”â”»)  ,$496.62
306,,Celle,bcelle8h@oracle.com,Female,Sony PlayStation,mobile accesories,ğŸ‘©ğŸ½,$1347.18
307,Janifer,Hughlin,jhughlin8i@joomla.org,Female,Fitbit Charge,Fashion,"Ø«Ù… Ù†ÙØ³ Ø³Ù‚Ø·Øª ÙˆØ¨Ø§Ù„ØªØ­Ø¯ÙŠØ¯ØŒ, Ø¬Ø²ÙŠØ±ØªÙŠ Ø¨Ø§Ø³ØªØ®Ø¯Ø§Ù… Ø£Ù† Ø¯Ù†Ùˆ. Ø¥Ø° Ù‡Ù†Ø§ØŸ Ø§Ù„Ø³ØªØ§Ø± ÙˆØªÙ†ØµÙŠØ¨ ÙƒØ§Ù†. Ø£Ù‡Ù‘Ù„ Ø§ÙŠØ·Ø§Ù„ÙŠØ§ØŒ Ø¨Ø±ÙŠØ·Ø§Ù†ÙŠØ§-ÙØ±Ù†Ø³Ø§ Ù‚Ø¯ Ø£Ø®Ø°. Ø³Ù„ÙŠÙ…Ø§Ù†ØŒ Ø¥ØªÙØ§Ù‚ÙŠØ© Ø¨ÙŠÙ† Ù…Ø§, ÙŠØ°ÙƒØ± Ø§Ù„Ø­Ø¯ÙˆØ¯ Ø£ÙŠ Ø¨Ø¹Ø¯, Ù…Ø¹Ø§Ù…Ù„Ø© Ø¨ÙˆÙ„Ù†Ø¯Ø§ØŒ Ø§Ù„Ø¥Ø·Ù„Ø§Ù‚ Ø¹Ù„ Ø¥ÙŠÙˆ.",$921.11
308,Alexandr,Roblin,aroblin8j@huffingtonpost.com,Male,GoPro Hero,Mobiles,1E02,$645.96
,Didi,Geator,dgeator8k@zimbio.com,Female,Samsung Galaxy,Fashion,../../../../../../../../../../../etc/passwd%00,$1410.04
310,Irvine,Drowsfield,idrowsfield8l@nps.gov,,Nike Air Max,Fashion,â°â´âµâ‚€â‚â‚‚,$722.53
311,Melisandra,Caldow,mcaldow8m@forbes.com,Female,Amazon Echo,Mobiles,"""",$903.86
312,,Ballaam,rballaam8n@mashable.com,Female,Sony PlayStation,mobile accesories,1/2,$626.87
313,Wayne,Neave,wneave8o@desdev.cn,Male,Fitbit Charge,Laptop,ì‚¬íšŒê³¼í•™ì› ì–´í•™ì—°êµ¬ì†Œ,$916.08
314,Charlie,Spillard,cspillard8p@ehow.com,Male,Fitbit Charge,mobile accesories,â€‹,
315,Katey,Empleton,kempleton8q@weebly.com,Female,Samsung Galaxy,Laptop,-1,$510.14
316,Flemming,Birwhistle,fbirwhistle8r@ifeng.com,Male,Sony PlayStation,Laptop,á ,$1413.49
317,Cammie,Kerfod,ckerfod8s@ibm.com,Bigender,Fitbit Charge,Mobiles,,$293.41
,Wesley,Scutter,wscutter8t@nytimes.com,Male,Nike Air Max,Health,"""",$1064.51
319,Joelie,Van Der Weedenburg,jvanderweedenburg8u@scientificamerican.com,Female,Nike Air Max,Health,,$573.14
320,Menard,Crop,mcrop8v@gov.uk,Male,Amazon Echo,Health,!@#$%^&*(),$547.20
321,Zedekiah,Mulcaster,zmulcaster8w@oaic.gov.au,Male,Nike Air Max,Fashion,ì‚¬íšŒê³¼í•™ì› ì–´í•™ì—°êµ¬ì†Œ,$60.07
322,Wynn,Scragg,wscragg8x@illinois.edu,Female,Fitbit Charge,mobile accesories,999999999999999999999999999999999999999999999999999999999999999999999999999999999999999999999999,$1367.35
323,Annissa,Craiker,acraiker8y@prnewswire.com,Female,Nintendo Switch,Laptop,â£,$163.05
324,Dietrich,Richmont,drichmont8z@geocities.com,Male,MacBook Pro,Fashion,"×‘Ö¼Ö°×¨Öµ××©×Ö´×™×ª, ×‘Ö¼Ö¸×¨Ö¸× ×Ö±×œÖ¹×”Ö´×™×, ×Öµ×ª ×”Ö·×©Ö¼×Ö¸×Ö·×™Ö´×, ×•Ö°×Öµ×ª ×”Ö¸×Ö¸×¨Ö¶×¥",$1208.27
325,Taite,Ropkins,tropkins90@jalbum.net,Male,MacBook Pro,Fashion,ãƒ»(ï¿£âˆ€ï¿£)ãƒ»:*:,$123.85
326,Clay,Arnell,carnell91@tamu.edu,Polygender,Fitbit Charge,Laptop,0.00,$236.40
327,Araldo,Zimmer,azimmer92@delicious.com,Male,Sony PlayStation,mobile accesories,ï¼‘ï¼’ï¼“,$575.47
328,Lettie,Scorer,lscorer93@storify.com,Female,GoPro Hero,Laptop,NULL,$1005.61
329,Christos,Houselee,chouselee94@ow.ly,Male,Fitbit Charge,Health,ï¼‘ï¼’ï¼“,$1250.81
330,Blithe,Lots,blots95@ow.ly,Female,Fitbit Charge,Mobiles,ğŸ‘©ğŸ½,$620.12
331,Filide,Brockway,fbrockway96@symantec.com,Female,MacBook Pro,Fashion,1/0,$706.20
332,Luise,Houston,lhouston97@ox.ac.uk,Female,Sony PlayStation,Gaming,1E+02,$277.65
333,Rubie,Thayre,rthayre98@who.int,Female,Amazon Echo,Mobiles,Ã¥ÃŸâˆ‚Æ’Â©Ë™âˆ†ËšÂ¬â€¦Ã¦,$149.98
334,Quinton,Leatherland,qleatherland99@360.cn,Male,Fitbit Charge,Gaming,"""''''""'""",$1141.26
335,Twila,Harley,tharley9a@rediff.com,Female,Amazon Echo,Gaming,"""'""'""''''""",$1359.70
336,Ossie,Ginnane,oginnane9b@google.com.br,Male,Samsung Galaxy,Health,Ã…ÃÃÃËÃ“Ã”ï£¿Ã’ÃšÃ†â˜ƒ,$619.56
337,Flossy,Osban,fosban9c@bloomberg.com,Female,GoPro Hero,mobile accesories,-1E+02,$608.71
338,Kaila,Innocent,kinnocent9d@webmd.com,Bigender,GoPro Hero,Health,â¤ï¸ ğŸ’” ğŸ’Œ ğŸ’• ğŸ’ ğŸ’“ ğŸ’— ğŸ’– ğŸ’˜ ğŸ’ ğŸ’Ÿ ğŸ’œ ğŸ’› ğŸ’š ğŸ’™,$1329.02
339,Prescott,Concklin,pconcklin9e@parallels.com,Male,Samsung Galaxy,Fashion,null,$1039.84
340,Julina,Beumant,jbeumant9f@a8.net,Female,Fitbit Charge,Laptop,ãƒ½à¼¼àºˆÙ„Íœàºˆà¼½ï¾‰ ãƒ½à¼¼àºˆÙ„Íœàºˆà¼½ï¾‰ ,$432.31
341,Read,Shaw,rshaw9g@skyrock.com,Male,Nike Air Max,Mobiles,ï¾Ÿï½¥âœ¿ãƒ¾â•²(ï½¡â—•â€¿â—•ï½¡)â•±âœ¿ï½¥ï¾Ÿ,$1323.92
342,Carly,Blogg,cblogg9h@rambler.ru,Female,MacBook Pro,Laptop,ğŸ˜,$109.52
343,Jasmina,Lutzmann,jlutzmann9i@cornell.edu,Female,Sony PlayStation,Health,Ì—ÌºÍ–Ì¹Ì¯Í“TÌ±Ì¤ÍÌ¥Í‡ÍˆhÍÌ²eÍÍ“Ì¼Ì—Ì™Ì¼Ì£Í” Í‡ÌœÌ±Ì Í“ÍÍ…NÍ Í•eÌ—Ì±zÌ˜ÌÌœÌºÍ™pÌ¤ÌºÌ¹ÍÌ¯ÍšeÍœÌ Ì»Ì rÌ¨Ì¤ÍÌºÌ–Í”Ì–Ì–dÍŸÌ ÌŸÌ­Ì¬ÌiÌ¦Í–Ì©Í“Í”Ì¤aÌ Ì—Ì¬Í‰Ì™nÍœÍš Ì»ÌÌ°ÍšÍ…hÌµÍ‰iÌ³ÌvÌ¢Í‡eÍŸÌ­Í-Ò‰Ì­Ì©Ì¼Í”mÌ¤Ì­Ì«iÍ•Í‡ÌÌ¦nÌ—Í™dÌ£ÌŸ ÍÌ¯Ì²Í•oÌ¨ÌŸÌ¯Ì°Ì²Í™Ì»Ìf Í˜ÌªÌ°Ì°Ì—Ì–Ì­Ì˜cÌ¦ÍÌ²ÌÍÌ©Ì™hÌ£ÍšaÍœÌ®ÍÌŸÌ™oÌ›Ì©Ì¹ÍsÌ¤.ÌÌ Ò‰ZÌ¡Ì–ÌœÍ–Ì°Ì£Í‰ÌœaÍ¡Í–Ì°Í™Ì¬lÌ²Ì«Ì³ÍÌ©gÌ¡ÌŸÌ¼Ì±ÍšÌÌ¬Í…oÍœÌ—.ÌŸ,$488.06
344,Augustus,Parke,aparke9j@dailymail.co.uk,Male,Amazon Echo,mobile accesories,Ã¥ÃŸâˆ‚Æ’Â©Ë™âˆ†ËšÂ¬â€¦Ã¦,$596.75
345,Peg,Gozzard,pgozzard9k@senate.gov,Female,Nike Air Max,Laptop,',$1276.56
346,Paddie,McCarthy,pmccarthy9l@so-net.ne.jp,Male,Nike Air Max,Health,â¢,$1490.28
347,Sarge,O'Kuddyhy,sokuddyhy9m@topsy.com,Male,Fitbit Charge,Fashion,ï½€ï½¨(Â´âˆ€ï½€âˆ©,$1454.98
348,Thomasina,Piddock,tpiddock9n@flickr.com,Female,Fitbit Charge,Laptop,ï½€ï½¨(Â´âˆ€ï½€âˆ©,$310.46
349,Adeline,Giametti,agiametti9o@stumbleupon.com,Female,Sony PlayStation,Laptop,(ï¾‰à²¥ç›Šà²¥ï¼‰ï¾‰ï»¿ â”»â”â”»,$784.09
350,Lind,Cudmore,lcudmore9p@oracle.com,Female,Sony PlayStation,Mobiles,â°â´âµ,$1211.59
351,Court,Cholerton,ccholerton9q@phpbb.com,Male,Sony PlayStation,Fashion,â¦testâ§,$49.13
352,Kaylee,Guilloton,kguilloton9r@sbwire.com,Genderfluid,Nike Air Max,Gaming,-1E+02,$973.26
353,Nils,Loggie,nloggie9s@cdc.gov,Male,Nike Air Max,Fashion,null,$552.32
354,Dniren,Rust,drust9t@sina.com.cn,Agender,Samsung Galaxy,Laptop,ã€€,$304.01
355,Micheil,Yesinin,myesinin9u@nhs.uk,Male,Sony PlayStation,Fashion,1.00,$1103.15
356,Mariana,Gude,mgude9v@usgs.gov,Female,iPhone,Mobiles,-1/2,$1009.37
357,,Caughey,wcaughey9w@mediafire.com,Male,Fitbit Charge,Mobiles,ğŸ‘¾ ğŸ™‡ ğŸ’ ğŸ™… ğŸ™† ğŸ™‹ ğŸ™ ğŸ™ ,$680.52
358,Lissy,Brun,lbrun9x@youku.com,Female,Amazon Echo,mobile accesories,ğŸš¾ ğŸ†’ ğŸ†“ ğŸ†• ğŸ†– ğŸ†— ğŸ†™ ğŸ§,$32.82
359,Gillie,Riddeough,griddeough9y@pen.io,Female,MacBook Pro,mobile accesories,1.00,$731.81
,Haskel,Allchorne,hallchorne9z@com.com,Male,Samsung Galaxy,Gaming,â£,$85.69
361,Ramsay,Ellwell,rellwella0@51.la,Male,MacBook Pro,Fashion,<svg><script>0<1>alert('XSS')</script>,$919.82
362,Marjory,Glowacz,mglowacza1@abc.net.au,Female,Sony PlayStation,Health,',$1312.92
363,Bret,Petrusch,bpetruscha2@chron.com,Male,Nike Air Max,,â€«testâ€«,$454.52
364,Freedman,Mirrlees,fmirrleesa3@independent.co.uk,Male,Fitbit Charge,Gaming,ï¾Ÿï½¥âœ¿ãƒ¾â•²(ï½¡â—•â€¿â—•ï½¡)â•±âœ¿ï½¥ï¾Ÿ,$589.54
365,Maudie,Hurler,mhurlera4@census.gov,Female,Sony PlayStation,mobile accesories,<img src=x onerror=alert('hi') />,$250.17
366,Maryjo,Coneybeare,mconeybearea5@g.co,Female,Canon EOS,mobile accesories,TÌ•Ì­ÌºÌºoÍ Ì·iÌ²Ì¬Í‡ÌªÍ™nÌÌ—Í•vÍŸÌŸÌœÌ˜Ì¦oÌ¶Ì™Ì°Ì keÍ€ÍšÌ®ÌºÌªÌ¹Ì±Ì¤ Ì–tÍÌÍ•Ì³Ì£Ì»ÌªhÌ¼Í“Ì²Ì¦Ì³Ì˜Ì²eÍ‡Ì£Ì°Ì¦Ì¬Í Ì¢Ì¼Ì»Ì±Ì˜hÍ…ÍšÍÍ™ÌœÌ£Ì²iÌ¦Ì²Ì£Ì°Ì¤vÌ»ÍeÌºÌ­Ì³ÌªÌ°-mÌ¢iÍ…nÌ–ÌºÌÌ²Ì¯Ì°dÌµÌ¼ÌŸÍ™Ì©Ì¼Ì˜Ì³ ÌÌ¥Ì±Ì³Ì­rÌ›Ì—Ì˜eÍ™pÍ rÌ¼ÌÌ»Ì­Ì—eÍŸÌºÌ Ì£sÌ˜Í‡Ì³ÍÌÍ‰eÍœÍ‰Ì¥Ì¯ÌÌ²ÍšÌ¬nÍ€Ì¬ÍÍÌŸÌ–Í‡Ì¤tÍ˜ÍÌ¬Í…Ì¤Í“Ì¼Ì­iÌªÌ±nÍ gÌ´Í‰ ÍÍ‰Í…cÌ¬ÌŸhÍ¡aÍ˜Ì«Ì»Ì¯oÌ«ÌŸÌ–ÍÌ™ÌÍ‰sÌ—Ì¦Ì².Ì¨Ì¹ÍˆÌ£,$633.61
367,Cass,Gretton,cgrettona6@epa.gov,Male,GoPro Hero,mobile accesories,áš€,$1044.17
368,Arda,Iredale,airedalea7@opensource.org,Genderqueer,Sony PlayStation,Mobiles,(â•¯Â°â–¡Â°ï¼‰â•¯ï¸µ â”»â”â”»)  ,$296.56
369,Lissi,Gommey,lgommeya8@guardian.co.uk,Female,iPhone,Health,"×‘Ö¼Ö°×¨Öµ××©×Ö´×™×ª, ×‘Ö¼Ö¸×¨Ö¸× ×Ö±×œÖ¹×”Ö´×™×, ×Öµ×ª ×”Ö·×©Ö¼×Ö¸×Ö·×™Ö´×, ×•Ö°×Öµ×ª ×”Ö¸×Ö¸×¨Ö¶×¥",$627.31
370,Ilario,Carles,icarlesa9@illinois.edu,Male,Fitbit Charge,Laptop,`â„â‚¬â€¹â€ºï¬ï¬‚â€¡Â°Â·â€šâ€”Â±,$92.24
371,Richardo,Ciabatteri,rciabatteriaa@phoca.cz,Male,Nike Air Max,Mobiles,"'""'",$642.65
372,Gamaliel,Brandoni,gbrandoniab@sakura.ne.jp,Male,Fitbit Charge,Gaming,ğ œğ œ±ğ ¹ğ ±“ğ ±¸ğ ²–ğ ³,$651.77
373,Noll,McRae,nmcraeac@economist.com,Male,Fitbit Charge,Fashion,<img src=x onerror=alert('hi') />,$409.31
,Micheal,Sondland,msondlandad@dion.ne.jp,Male,Sony PlayStation,mobile accesories,-1/2,$218.32
375,Jamie,Widdocks,jwiddocksae@mlb.com,Female,GoPro Hero,Fashion,ğ œğ œ±ğ ¹ğ ±“ğ ±¸ğ ²–ğ ³,$258.18
376,Ellene,Southall,esouthallaf@ftc.gov,Female,Sony PlayStation,Mobiles,0ï¸âƒ£ 1ï¸âƒ£ 2ï¸âƒ£ 3ï¸âƒ£ 4ï¸âƒ£ 5ï¸âƒ£ 6ï¸âƒ£ 7ï¸âƒ£ 8ï¸âƒ£ 9ï¸âƒ£ ğŸ”Ÿ,$658.49
377,Arel,Gwilt,agwiltag@wix.com,Male,Sony PlayStation,Gaming,ì‚¬íšŒê³¼í•™ì› ì–´í•™ì—°êµ¬ì†Œ,$1126.55
378,Timmie,Immings,timmingsah@who.int,Male,Sony PlayStation,Mobiles,(â•¯Â°â–¡Â°ï¼‰â•¯ï¸µ â”»â”â”»)  ,$94.64
379,Ericha,Chippin,echippinai@wikipedia.org,Female,iPhone,mobile accesories,NULL,$704.85
380,Bron,Sabben,bsabbenaj@elegantthemes.com,Male,,Health,ğŸ˜,$1278.73
381,Maurizia,Gentner,mgentnerak@biglobe.ne.jp,Female,iPhone,Gaming,ï½€ï½¨(Â´âˆ€ï½€âˆ©,$1039.24
382,Shepard,Seath,sseathal@cargocollective.com,Male,Nintendo Switch,Fashion,Ì¡Í“Í…ÌIÍÌ—Ì˜Ì¦nÍ‡Í‡Í™vÌ®Ì«okÌ²Ì«Ì™ÍˆiÌ–Í™Ì­Ì¹Ì ÌnÌ¡Ì»Ì®Ì£ÌºgÌ²ÍˆÍ™Ì­Í™Ì¬Í Ì°tÍ”Ì¦hÌÌ²eÌ¢Ì¤ ÍÌ¬Ì²Í–fÌ´Ì˜Í•Ì£eÍ€Í–eÌ£Ì¥Ì©lÍ–Í”ÍšiÍ Í“ÍšÌ¦nÍ–ÍÌ—Í“Ì³Ì®gÍ Ì¨oÍ¡ÍšÌªfÌ˜Ì£Ì¬ Ì–Ì˜Í–ÌŸÍ™Ì®cÒ‰Í”Ì«Í–Í“Í‡Í–Í…hÌµÌ¤Ì£ÍšÍ”aÍÌ—Ì¼Í…Í•oÌ¼Ì£Ì¥sÍ¢Ì±ÍˆÌºÌ–Ì¦Ì».Ì›Ì–ÌÌ Ì«Ì°,$1455.83
383,Wally,Connar,wconnaram@dot.gov,Agender,Sony PlayStation,Mobiles,ï¼‘ï¼’ï¼“,$394.82
384,Anselm,Kapiloff,akapiloffan@wisc.edu,Male,MacBook Pro,mobile accesories,ìš¸ë€ë°”í† ë¥´,$301.07
385,Arel,Kluss,aklussao@ucsd.edu,Male,Nintendo Switch,Laptop,1E2,$937.45
386,Kaia,McMenamin,kmcmenaminap@yellowbook.com,Female,Nike Air Max,mobile accesories,á ,$326.30
387,Janelle,Verlinden,jverlindenaq@mapy.cz,Female,Sony PlayStation,mobile accesories,ğŸ‘©ğŸ½,$740.84
388,Penn,Dayton,pdaytonar@prweb.com,Male,Sony PlayStation,Health,ğŸ‘©ğŸ½,$715.59
389,Rowland,Maccari,rmaccarias@usa.gov,Male,GoPro Hero,Laptop,999999999999999999999999999999999999999999999999999999999999999999999999999999999999999999999999,$1348.77
390,Rollie,Neillans,rneillansat@51.la,Male,MacBook Pro,Laptop,ï¼‘ï¼’ï¼“,$1407.81
391,Bessy,Tidd,btiddau@opera.com,Female,GoPro Hero,Laptop,ãƒ»(ï¿£âˆ€ï¿£)ãƒ»:*:,$201.79
392,Bella,Winward,bwinwardav@studiopress.com,Female,Sony PlayStation,Mobiles,!@#$%^&*(),$1052.56
393,Bill,But,bbutaw@nhs.uk,Female,Amazon Echo,Laptop,ï¼‘ï¼’ï¼“,$802.39
394,Felipa,Wildt,fwildtax@themeforest.net,Female,iPhone,Health,null,$1004.33
395,Alaster,Kubalek,akubalekay@examiner.com,Male,Samsung Galaxy,mobile accesories,â€«testâ€«,$32.26
396,Desmond,Russan,drussanaz@house.gov,Male,Nike Air Max,Fashion,áš€,$552.76
397,Lanie,Rheam,lrheamb0@is.gd,Female,Sony PlayStation,Fashion,../../../../../../../../../../../etc/passwd%00,$549.88
398,Evangelia,Button,ebuttonb1@pinterest.com,Female,Amazon Echo,Mobiles,/dev/null; touch /tmp/blns.fail ; echo,$605.19
399,Fields,Castane,fcastaneb2@yale.edu,Male,Nike Air Max,Mobiles,00Ë™Æ–$-,$213.57
400,Jervis,Monteaux,jmonteauxb3@slashdot.org,Male,Nike Air Max,Mobiles,0/0,$1366.38
401,Hedy,Kingham,hkinghamb4@uiuc.edu,Female,Amazon Echo,Mobiles,ç”°ä¸­ã•ã‚“ã«ã‚ã’ã¦ä¸‹ã•ã„,$1416.59
,Ricardo,Ungaretti,rungarettib5@wufoo.com,Male,MacBook Pro,Health,null,$1307.18
403,Ettie,Messier,emessierb6@behance.net,Female,Amazon Echo,Mobiles,ğ œğ œ±ğ ¹ğ ±“ğ ±¸ğ ²–ğ ³,$192.37
404,Myrah,Mee,mmeeb7@scientificamerican.com,Female,Amazon Echo,Mobiles,â¡,$1455.00
405,Sandy,Moses,smosesb8@stumbleupon.com,Female,Fitbit Charge,mobile accesories,,$260.24
406,Josi,Dargue,jdargueb9@sogou.com,Female,Sony PlayStation,Laptop,"×‘Ö¼Ö°×¨Öµ××©×Ö´×™×ª, ×‘Ö¼Ö¸×¨Ö¸× ×Ö±×œÖ¹×”Ö´×™×, ×Öµ×ª ×”Ö·×©Ö¼×Ö¸×Ö·×™Ö´×, ×•Ö°×Öµ×ª ×”Ö¸×Ö¸×¨Ö¶×¥",$329.75
407,Dar,Bather,dbatherba@live.com,Male,Fitbit Charge,Laptop,NIL,$1018.20
408,Keane,Du Pre,kduprebb@eepurl.com,Male,Fitbit Charge,mobile accesories,"""",$1080.22
409,Luke,Arnow,larnowbc@biglobe.ne.jp,Male,Sony PlayStation,Mobiles,1E+02,$598.78
410,Kenyon,Knowlys,kknowlysbd@domainmarket.com,Male,MacBook Pro,Laptop,Â¸Ë›Ã‡â—ŠÄ±ËœÃ‚Â¯Ë˜Â¿,$1381.49
411,Bud,Membry,bmembrybe@skyrock.com,,Fitbit Charge,Fashion,Â¡â„¢Â£Â¢âˆÂ§Â¶â€¢ÂªÂºâ€“â‰ ,$1000.22
412,Paddy,Blaik,pblaikbf@ebay.com,Male,Nike Air Max,Laptop,ãƒ»(ï¿£âˆ€ï¿£)ãƒ»:*:,$214.68
413,Roberta,Ladloe,rladloebg@cafepress.com,Female,Sony PlayStation,Fashion,1/0,$43.44
414,Tybi,Barosch,tbaroschbh@umn.edu,Female,,Mobiles,(ï¾‰à²¥ç›Šà²¥ï¼‰ï¾‰ï»¿ â”»â”â”»,$449.45
415,Pen,Jennaway,pjennawaybi@wikipedia.org,Male,GoPro Hero,Mobiles,'',$794.26
416,Noach,Keford,nkefordbj@people.com.cn,Male,Samsung Galaxy,Laptop,,$601.00
417,Augustine,Killough,akilloughbk@google.com.br,Female,Nike Air Max,Laptop,1E02,$586.31
,Edmon,Pundy,epundybl@ted.com,Male,Sony PlayStation,Health,TÌ•Ì­ÌºÌºoÍ Ì·iÌ²Ì¬Í‡ÌªÍ™nÌÌ—Í•vÍŸÌŸÌœÌ˜Ì¦oÌ¶Ì™Ì°Ì keÍ€ÍšÌ®ÌºÌªÌ¹Ì±Ì¤ Ì–tÍÌÍ•Ì³Ì£Ì»ÌªhÌ¼Í“Ì²Ì¦Ì³Ì˜Ì²eÍ‡Ì£Ì°Ì¦Ì¬Í Ì¢Ì¼Ì»Ì±Ì˜hÍ…ÍšÍÍ™ÌœÌ£Ì²iÌ¦Ì²Ì£Ì°Ì¤vÌ»ÍeÌºÌ­Ì³ÌªÌ°-mÌ¢iÍ…nÌ–ÌºÌÌ²Ì¯Ì°dÌµÌ¼ÌŸÍ™Ì©Ì¼Ì˜Ì³ ÌÌ¥Ì±Ì³Ì­rÌ›Ì—Ì˜eÍ™pÍ rÌ¼ÌÌ»Ì­Ì—eÍŸÌºÌ Ì£sÌ˜Í‡Ì³ÍÌÍ‰eÍœÍ‰Ì¥Ì¯ÌÌ²ÍšÌ¬nÍ€Ì¬ÍÍÌŸÌ–Í‡Ì¤tÍ˜ÍÌ¬Í…Ì¤Í“Ì¼Ì­iÌªÌ±nÍ gÌ´Í‰ ÍÍ‰Í…cÌ¬ÌŸhÍ¡aÍ˜Ì«Ì»Ì¯oÌ«ÌŸÌ–ÍÌ™ÌÍ‰sÌ—Ì¦Ì².Ì¨Ì¹ÍˆÌ£,$297.38
419,Lianne,Gallen,lgallenbm@ft.com,Female,MacBook Pro,Gaming,"""'""'""''''""",$1432.42
420,Zorana,Pavolillo,zpavolillobn@mac.com,Female,GoPro Hero,Fashion,NULL,$870.48
421,Wanda,Bittlestone,wbittlestonebo@dell.com,Female,GoPro Hero,Fashion,,$1399.80
422,Doralynn,Stot,dstotbp@issuu.com,Female,MacBook Pro,mobile accesories,1E+02,$254.27
423,Stephi,Edmonds,sedmondsbq@infoseek.co.jp,Female,Sony PlayStation,Health,â°â´âµ,$116.36
424,Taddeo,Dickson,tdicksonbr@ox.ac.uk,Male,Sony PlayStation,Health,ç¤¾æœƒç§‘å­¸é™¢èªå­¸ç ”ç©¶æ‰€,$179.91
425,Coletta,Fleeming,cfleemingbs@ocn.ne.jp,Female,Sony PlayStation,Fashion,"""",$1107.47
426,Wallie,Phipps,wphippsbt@sfgate.com,Male,MacBook Pro,Health,ãƒ»(ï¿£âˆ€ï¿£)ãƒ»:*:,$1476.99
427,Rosette,Granleese,rgranleesebu@netvibes.com,Female,Fitbit Charge,mobile accesories,"<>?:""{}|_+",$1268.06
428,Magdalene,Antoniou,mantonioubv@printfriendly.com,Female,Nike Air Max,Gaming,ğ œğ œ±ğ ¹ğ ±“ğ ±¸ğ ²–ğ ³,$186.26
429,Chester,Ludgate,cludgatebw@wp.com,Male,Nike Air Max,mobile accesories,ğ œğ œ±ğ ¹ğ ±“ğ ±¸ğ ²–ğ ³,$1094.10
430,Bogey,Carress,bcarressbx@cisco.com,Polygender,Samsung Galaxy,Health,â¤ï¸ ğŸ’” ğŸ’Œ ğŸ’• ğŸ’ ğŸ’“ ğŸ’— ğŸ’– ğŸ’˜ ğŸ’ ğŸ’Ÿ ğŸ’œ ğŸ’› ğŸ’š ğŸ’™,$976.67
431,Keefe,Yurenev,kyurenevby@google.co.uk,Male,Canon EOS,mobile accesories,Ë™Énbá´‰lÉ ÉuÆƒÉÉ¯ ÇÉ¹olop Ê‡Ç ÇÉ¹oqÉl Ê‡n Ê‡unpá´‰pá´‰É”uá´‰ É¹odÉ¯ÇÊ‡ poÉ¯sná´‰Ç op pÇs 'Ê‡á´‰lÇ Æƒuá´‰É”sá´‰dá´‰pÉ É¹nÊ‡ÇÊ‡É”ÇsuoÉ” 'Ê‡ÇÉ¯É Ê‡á´‰s É¹olop É¯nsdá´‰ É¯ÇÉ¹oË¥,$896.88
432,Shane,Brown,sbrownbz@unc.edu,Male,Fitbit Charge,Fashion,Ì¦HÍÌ¬Ì¤Ì—Ì¤eÍœ ÍÌœÌ¥ÌÌ»ÍÌŸwÌ•hÌ–Ì¯Í“oÌÍ™Ì–ÍÌ±Ì® Ò‰ÌºÌ™ÌÌŸÍˆWÌ·Ì¼Ì­aÌºÌªÍiÌ¨ÍˆÍ•Ì­Í™Ì¯ÌœtÌ¶Ì¼Ì®sÌ•Ì˜Í™Í– Ì Ì«Ì BÌ»ÍÍ…Í™Í‰Ì³eÌµhÌµÌ¬Í‡Ì«Í™iÌ•Ì¹Í“Ì³Ì³Ì®ÍÌ«nÍŸdÌ´ÌªÌœÌ– ÍÌ°Í‰Ì©Í…Í‡Í™Ì²TÍ¢Í–Ì¼Í“ÌªhÍÍ“Ì®Ì»eÌ¬ÌÍ…ÌŸ Ì¤Ì¹ÌWÍÍ…Í™ÌÌÍ”Í‡aÍÍ“Í”Ì¹Ì¼Ì£lÌ´Í”Ì°Ì¤ÌŸÍ”lÌ­Ì«.Í•,$590.99
433,Harriett,Steanyng,hsteanyngc0@newsvine.com,Genderqueer,Fitbit Charge,mobile accesories,â€«testâ€«,$419.43
434,,Reditt,credittc1@cbslocal.com,Male,Amazon Echo,Health,0.00,$519.41
435,Dolli,Bettles,dbettlesc2@mapy.cz,Female,Nike Air Max,Health,nil,$26.88
436,Van,Pearmine,vpearminec3@statcounter.com,Agender,Fitbit Charge,Mobiles,-1.00,$872.38
437,Gage,Kenwood,gkenwoodc4@ed.gov,Genderfluid,Nike Air Max,Health,testâ testâ€«,$1424.42
438,Elly,Lowther,elowtherc5@miitbeian.gov.cn,Female,Amazon Echo,Gaming,ZÌ®ÌÍ…Ì Í™Í”AÌ¥Ì—ÌÍˆÌ»Ì—LÌ£Í™ÍÌ¯Ì¹ÌÍ“GÌ»OÌ­Ì—Ì®,$86.51
439,Rutledge,Dutch,rdutchc6@uiuc.edu,Non-binary,Nike Air Max,Fashion,Ì¡Í“Í…ÌIÍÌ—Ì˜Ì¦nÍ‡Í‡Í™vÌ®Ì«okÌ²Ì«Ì™ÍˆiÌ–Í™Ì­Ì¹Ì ÌnÌ¡Ì»Ì®Ì£ÌºgÌ²ÍˆÍ™Ì­Í™Ì¬Í Ì°tÍ”Ì¦hÌÌ²eÌ¢Ì¤ ÍÌ¬Ì²Í–fÌ´Ì˜Í•Ì£eÍ€Í–eÌ£Ì¥Ì©lÍ–Í”ÍšiÍ Í“ÍšÌ¦nÍ–ÍÌ—Í“Ì³Ì®gÍ Ì¨oÍ¡ÍšÌªfÌ˜Ì£Ì¬ Ì–Ì˜Í–ÌŸÍ™Ì®cÒ‰Í”Ì«Í–Í“Í‡Í–Í…hÌµÌ¤Ì£ÍšÍ”aÍÌ—Ì¼Í…Í•oÌ¼Ì£Ì¥sÍ¢Ì±ÍˆÌºÌ–Ì¦Ì».Ì›Ì–ÌÌ Ì«Ì°,$381.47
440,Willie,Dallander,wdallanderc7@ihg.com,Male,Nike Air Max,Gaming,1,$308.65
441,Elayne,Godball,egodballc8@reverbnation.com,Female,Amazon Echo,Gaming,ï¼‘ï¼’ï¼“,$1037.34
442,Hymie,Rowney,hrowneyc9@theatlantic.com,Male,Sony PlayStation,Laptop,Ì¦HÍÌ¬Ì¤Ì—Ì¤eÍœ ÍÌœÌ¥ÌÌ»ÍÌŸwÌ•hÌ–Ì¯Í“oÌÍ™Ì–ÍÌ±Ì® Ò‰ÌºÌ™ÌÌŸÍˆWÌ·Ì¼Ì­aÌºÌªÍiÌ¨ÍˆÍ•Ì­Í™Ì¯ÌœtÌ¶Ì¼Ì®sÌ•Ì˜Í™Í– Ì Ì«Ì BÌ»ÍÍ…Í™Í‰Ì³eÌµhÌµÌ¬Í‡Ì«Í™iÌ•Ì¹Í“Ì³Ì³Ì®ÍÌ«nÍŸdÌ´ÌªÌœÌ– ÍÌ°Í‰Ì©Í…Í‡Í™Ì²TÍ¢Í–Ì¼Í“ÌªhÍÍ“Ì®Ì»eÌ¬ÌÍ…ÌŸ Ì¤Ì¹ÌWÍÍ…Í™ÌÌÍ”Í‡aÍÍ“Í”Ì¹Ì¼Ì£lÌ´Í”Ì°Ì¤ÌŸÍ”lÌ­Ì«.Í•,$803.28
443,Malvin,Gaynes,mgaynesca@sun.com,Male,GoPro Hero,mobile accesories,999999999999999999999999999999999999999999999999999999999999999999999999999999999999999999999999,$919.58
444,Jeddy,Tattershall,jtattershallcb@omniture.com,Agender,Fitbit Charge,Fashion,nil,$398.71
445,Ferrell,Eiler,feilercc@flavors.me,Male,MacBook Pro,Laptop,"""''''""'""",$520.02
446,Piper,Ferfulle,pferfullecd@google.pl,Agender,MacBook Pro,Mobiles,NULL,$782.42
447,Bibbie,Beauly,bbeaulyce@stanford.edu,Female,GoPro Hero,Mobiles,â¢,$277.11
448,Rance,De Lacey,rdelaceycf@sohu.com,Male,,Fashion,Â¡â„¢Â£Â¢âˆÂ§Â¶â€¢ÂªÂºâ€“â‰ ,$1056.19
449,Marne,Eyckelberg,meyckelbergcg@bbc.co.uk,Female,Nike Air Max,Health,`â„â‚¬â€¹â€ºï¬ï¬‚â€¡Â°Â·â€šâ€”Â±,$302.98
450,Drucie,Wayvill,dwayvillch@1und1.de,Female,Sony PlayStation,Health,TÌ•Ì­ÌºÌºoÍ Ì·iÌ²Ì¬Í‡ÌªÍ™nÌÌ—Í•vÍŸÌŸÌœÌ˜Ì¦oÌ¶Ì™Ì°Ì keÍ€ÍšÌ®ÌºÌªÌ¹Ì±Ì¤ Ì–tÍÌÍ•Ì³Ì£Ì»ÌªhÌ¼Í“Ì²Ì¦Ì³Ì˜Ì²eÍ‡Ì£Ì°Ì¦Ì¬Í Ì¢Ì¼Ì»Ì±Ì˜hÍ…ÍšÍÍ™ÌœÌ£Ì²iÌ¦Ì²Ì£Ì°Ì¤vÌ»ÍeÌºÌ­Ì³ÌªÌ°-mÌ¢iÍ…nÌ–ÌºÌÌ²Ì¯Ì°dÌµÌ¼ÌŸÍ™Ì©Ì¼Ì˜Ì³ ÌÌ¥Ì±Ì³Ì­rÌ›Ì—Ì˜eÍ™pÍ rÌ¼ÌÌ»Ì­Ì—eÍŸÌºÌ Ì£sÌ˜Í‡Ì³ÍÌÍ‰eÍœÍ‰Ì¥Ì¯ÌÌ²ÍšÌ¬nÍ€Ì¬ÍÍÌŸÌ–Í‡Ì¤tÍ˜ÍÌ¬Í…Ì¤Í“Ì¼Ì­iÌªÌ±nÍ gÌ´Í‰ ÍÍ‰Í…cÌ¬ÌŸhÍ¡aÍ˜Ì«Ì»Ì¯oÌ«ÌŸÌ–ÍÌ™ÌÍ‰sÌ—Ì¦Ì².Ì¨Ì¹ÍˆÌ£,$1311.70
451,Jard,Boken,jbokenci@xing.com,Male,Amazon Echo,Gaming,`â„â‚¬â€¹â€ºï¬ï¬‚â€¡Â°Â·â€šâ€”Â±,$285.33
452,Christophorus,Millan,cmillancj@amazonaws.com,Male,Samsung Galaxy,Fashion,-$1.00,$613.32
453,Hakeem,Skirven,hskirvenck@people.com.cn,Male,Amazon Echo,Laptop,éƒ¨è½æ ¼,$219.88
454,Violette,Oland,volandcl@sciencedirect.com,Female,Canon EOS,Laptop,â¦testâ§,$106.70
455,Gusta,Cordoba,gcordobacm@linkedin.com,Female,MacBook Pro,Gaming,áš€,$1388.10
456,Staford,Mandre,smandrecn@vimeo.com,Male,Nike Air Max,Mobiles,`â„â‚¬â€¹â€ºï¬ï¬‚â€¡Â°Â·â€šâ€”Â±,
457,Leontine,Jubert,ljubertco@homestead.com,Female,Nike Air Max,Laptop,../../../../../../../../../../../etc/hosts,$349.27
458,Hally,Maliffe,hmaliffecp@ustream.tv,Female,MacBook Pro,Health,<img src=x onerror=alert('hi') />,$1260.12
459,Tiffy,Ronca,troncacq@nih.gov,Female,Sony PlayStation,Fashion,-1/2,$505.42
460,Arie,Langelay,alangelaycr@state.tx.us,Polygender,Nintendo Switch,Laptop,â¡,$150.47
461,Josee,Greenless,jgreenlesscs@sciencedaily.com,Agender,Fitbit Charge,Laptop,ğŸµ ğŸ™ˆ ğŸ™‰ ğŸ™Š,$1378.86
462,Alejandrina,Rosgen,arosgenct@amazonaws.com,Female,Sony PlayStation,mobile accesories,"Ø«Ù… Ù†ÙØ³ Ø³Ù‚Ø·Øª ÙˆØ¨Ø§Ù„ØªØ­Ø¯ÙŠØ¯ØŒ, Ø¬Ø²ÙŠØ±ØªÙŠ Ø¨Ø§Ø³ØªØ®Ø¯Ø§Ù… Ø£Ù† Ø¯Ù†Ùˆ. Ø¥Ø° Ù‡Ù†Ø§ØŸ Ø§Ù„Ø³ØªØ§Ø± ÙˆØªÙ†ØµÙŠØ¨ ÙƒØ§Ù†. Ø£Ù‡Ù‘Ù„ Ø§ÙŠØ·Ø§Ù„ÙŠØ§ØŒ Ø¨Ø±ÙŠØ·Ø§Ù†ÙŠØ§-ÙØ±Ù†Ø³Ø§ Ù‚Ø¯ Ø£Ø®Ø°. Ø³Ù„ÙŠÙ…Ø§Ù†ØŒ Ø¥ØªÙØ§Ù‚ÙŠØ© Ø¨ÙŠÙ† Ù…Ø§, ÙŠØ°ÙƒØ± Ø§Ù„Ø­Ø¯ÙˆØ¯ Ø£ÙŠ Ø¨Ø¹Ø¯, Ù…Ø¹Ø§Ù…Ù„Ø© Ø¨ÙˆÙ„Ù†Ø¯Ø§ØŒ Ø§Ù„Ø¥Ø·Ù„Ø§Ù‚ Ø¹Ù„ Ø¥ÙŠÙˆ.",$1499.99
463,Cheslie,Custard,ccustardcu@elpais.com,Female,Sony PlayStation,Gaming,-1E+02,$91.03
464,Timothee,Wathen,twathencv@samsung.com,Male,Sony PlayStation,Gaming,áš€,$697.19
465,Vachel,Boyet,vboyetcw@usgs.gov,Male,Nintendo Switch,Gaming,Ë™Énbá´‰lÉ ÉuÆƒÉÉ¯ ÇÉ¹olop Ê‡Ç ÇÉ¹oqÉl Ê‡n Ê‡unpá´‰pá´‰É”uá´‰ É¹odÉ¯ÇÊ‡ poÉ¯sná´‰Ç op pÇs 'Ê‡á´‰lÇ Æƒuá´‰É”sá´‰dá´‰pÉ É¹nÊ‡ÇÊ‡É”ÇsuoÉ” 'Ê‡ÇÉ¯É Ê‡á´‰s É¹olop É¯nsdá´‰ É¯ÇÉ¹oË¥,$1090.71
466,Sherrie,Lyfe,slyfecx@nhs.uk,Female,Nike Air Max,Laptop,â€ªâ€ªtestâ€ª,$417.28
467,Timothee,Hurry,thurrycy@washingtonpost.com,Male,Sony PlayStation,mobile accesories,../../../../../../../../../../../etc/hosts,$1420.41
,Byrann,Jochen,bjochencz@ask.com,Male,GoPro Hero,mobile accesories,(â•¯Â°â–¡Â°ï¼‰â•¯ï¸µ â”»â”â”»)  ,$63.13
469,Dukey,Musicka,dmusickad0@ehow.com,Male,Nike Air Max,Fashion,ğ œğ œ±ğ ¹ğ ±“ğ ±¸ğ ²–ğ ³,$1487.13
,Fanchon,Limmer,flimmerd1@so-net.ne.jp,Female,MacBook Pro,mobile accesories,×”Ö¸×™Ö°×ªÖ¸×”testØ§Ù„ØµÙØ­Ø§Øª Ø§Ù„ØªÙ‘Ø­ÙˆÙ„,$1443.93
471,Salaidh,Duff,sduffd2@indiatimes.com,Female,Sony PlayStation,Health,ìš¸ë€ë°”í† ë¥´,$695.66
472,Karry,Pigny,kpignyd3@elpais.com,Female,MacBook Pro,Laptop,!@#$%^&*(),$457.66
473,Brannon,Bazely,bbazelyd4@shinystat.com,,Amazon Echo,Fashion,ã€€,$544.86
,Olympe,Fridaye,ofridayed5@ucla.edu,Female,Nike Air Max,Gaming,1,$1038.28
475,Marisa,Hollidge,mhollidged6@gnu.org,Agender,Nintendo Switch,Health,-1.00,$182.34
476,Issi,Kick,ikickd7@yahoo.com,Female,Nike Air Max,Health,Ì¦HÍÌ¬Ì¤Ì—Ì¤eÍœ ÍÌœÌ¥ÌÌ»ÍÌŸwÌ•hÌ–Ì¯Í“oÌÍ™Ì–ÍÌ±Ì® Ò‰ÌºÌ™ÌÌŸÍˆWÌ·Ì¼Ì­aÌºÌªÍiÌ¨ÍˆÍ•Ì­Í™Ì¯ÌœtÌ¶Ì¼Ì®sÌ•Ì˜Í™Í– Ì Ì«Ì BÌ»ÍÍ…Í™Í‰Ì³eÌµhÌµÌ¬Í‡Ì«Í™iÌ•Ì¹Í“Ì³Ì³Ì®ÍÌ«nÍŸdÌ´ÌªÌœÌ– ÍÌ°Í‰Ì©Í…Í‡Í™Ì²TÍ¢Í–Ì¼Í“ÌªhÍÍ“Ì®Ì»eÌ¬ÌÍ…ÌŸ Ì¤Ì¹ÌWÍÍ…Í™ÌÌÍ”Í‡aÍÍ“Í”Ì¹Ì¼Ì£lÌ´Í”Ì°Ì¤ÌŸÍ”lÌ­Ì«.Í•,$957.05
477,Morton,Clemot,mclemotd8@princeton.edu,Male,Sony PlayStation,Fashion,âœ‹ğŸ¿ ğŸ’ªğŸ¿ ğŸ‘ğŸ¿ ğŸ™ŒğŸ¿ ğŸ‘ğŸ¿ ğŸ™ğŸ¿,$636.49
478,Robyn,Fenix,rfenixd9@eventbrite.com,Non-binary,Nike Air Max,Laptop,1E2,$1094.26
479,Chane,Alexis,calexisda@usgs.gov,Male,Sony PlayStation,Laptop,"""''''""'""",$705.91
480,Nye,Albarez,nalbarezdb@discuz.net,Male,Sony PlayStation,mobile accesories,-1E+02,$1046.48
481,Kinnie,Alexis,kalexisdc@independent.co.uk,Male,MacBook Pro,Laptop,NULL,$1363.49
482,Berkley,Pullen,bpullendd@amazon.co.uk,Male,Fitbit Charge,Fashion,<script>alert('hi')</script>,$41.12
483,Clerissa,Quickfall,cquickfallde@sphinn.com,Female,Nike Air Max,Health,ğŸ‘©ğŸ½,$77.75
484,Wit,Abrey,wabreydf@imageshack.us,Male,Sony PlayStation,Gaming,Ë™Énbá´‰lÉ ÉuÆƒÉÉ¯ ÇÉ¹olop Ê‡Ç ÇÉ¹oqÉl Ê‡n Ê‡unpá´‰pá´‰É”uá´‰ É¹odÉ¯ÇÊ‡ poÉ¯sná´‰Ç op pÇs 'Ê‡á´‰lÇ Æƒuá´‰É”sá´‰dá´‰pÉ É¹nÊ‡ÇÊ‡É”ÇsuoÉ” 'Ê‡ÇÉ¯É Ê‡á´‰s É¹olop É¯nsdá´‰ É¯ÇÉ¹oË¥,$349.12
485,Micheil,Spight,mspightdg@yale.edu,Male,Sony PlayStation,Gaming,`â„â‚¬â€¹â€ºï¬ï¬‚â€¡Â°Â·â€šâ€”Â±,$869.51
486,Elnar,Sappell,esappelldh@surveymonkey.com,Male,GoPro Hero,mobile accesories,",./;'[]\-=",$1419.13
487,Arlinda,Avramovsky,aavramovskydi@ovh.net,Agender,iPhone,Gaming,(ï½¡â—• âˆ€ â—•ï½¡),$221.51
488,Lenka,Murrigan,lmurrigandj@psu.edu,Female,Amazon Echo,mobile accesories,1/2,$603.16
489,Tiler,Filkov,tfilkovdk@webeden.co.uk,Male,Amazon Echo,Mobiles,ç¤¾æœƒç§‘å­¸é™¢èªå­¸ç ”ç©¶æ‰€,$372.10
490,Sara-ann,Strass,sstrassdl@nature.com,Female,Nike Air Max,Fashion,Ã…ÃÃÃËÃ“Ã”ï£¿Ã’ÃšÃ†â˜ƒ,$592.62
491,Burt,Gladhill,bgladhilldm@webnode.com,Male,MacBook Pro,Gaming,1'; DROP TABLE users--,$881.15
,Kylie,Ridgedell,kridgedelldn@newyorker.com,Female,Sony PlayStation,Mobiles,1E2,$1040.27
493,Alfred,Cobby,acobbydo@gov.uk,Male,Fitbit Charge,mobile accesories,/dev/null; touch /tmp/blns.fail ; echo,$211.31
494,Gonzalo,Gotfrey,ggotfreydp@merriam-webster.com,Male,Sony PlayStation,Gaming,â°â´âµâ‚€â‚â‚‚,$135.80
495,Anne,Kunath,akunathdq@cbslocal.com,Female,Fitbit Charge,mobile accesories,<img src=x onerror=alert('hi') />,$954.62
496,Isidore,Dorrins,idorrinsdr@census.gov,Male,Amazon Echo,Mobiles,0.00,$917.67
497,Mirilla,Fry,mfryds@sciencedaily.com,Female,MacBook Pro,mobile accesories,<img src=x onerror=alert('hi') />,$293.32
498,Addy,Uff,auffdt@constantcontact.com,Female,Amazon Echo,mobile accesories,(â•¯Â°â–¡Â°ï¼‰â•¯ï¸µ â”»â”â”»)  ,$983.96
499,Lona,Zorzutti,lzorzuttidu@reference.com,Agender,Sony PlayStation,mobile accesories,1/0,$901.79
500,Charlton,Ditzel,cditzeldv@ocn.ne.jp,Genderqueer,Amazon Echo,Health,Ã¥ÃŸâˆ‚Æ’Â©Ë™âˆ†ËšÂ¬â€¦Ã¦,$1439.57
